Memory_PssTotal,Memory_PssClean,Memory_SharedDirty,Memory_PrivateDirty,Memory_SharedClean,Memory_PrivateClean,Memory_SwapPssDirty,Memory_HeapSize,Memory_HeapAlloc,Memory_HeapFree,Memory_Views,Memory_ViewRootImpl,Memory_AppContexts,Memory_Activities,Memory_Assets,Memory_AssetManagers,Memory_LocalBinders,Memory_ProxyBinders,Memory_ParcelMemory,Memory_ParcelCount,Memory_DeathRecipients,Memory_OpenSSLSockets,Memory_WebViews,API_Process_android.os.Process_start,API_Process_android.app.ActivityManager_killBackgroundProcesses,API_Process_android.os.Process_killProcess,API_Command_java.lang.Runtime_exec,API_Command_java.lang.ProcessBuilder_start,API_JavaNativeInterface_java.lang.Runtime_loadLibrary,API_JavaNativeInterface_java.lang.Runtime_load,API_WebView_android.webkit.WebView_loadUrl,API_WebView_android.webkit.WebView_loadData,API_WebView_android.webkit.WebView_loadDataWithBaseURL,API_WebView_android.webkit.WebView_addJavascriptInterface,API_WebView_android.webkit.WebView_evaluateJavascript,API_WebView_android.webkit.WebView_postUrl,API_WebView_android.webkit.WebView_postWebMessage,API_WebView_android.webkit.WebView_savePassword,API_WebView_android.webkit.WebView_setHttpAuthUsernamePassword,API_WebView_android.webkit.WebView_getHttpAuthUsernamePassword,API_WebView_android.webkit.WebView_setWebContentsDebuggingEnabled,API_FileIO_libcore.io.IoBridge_open,API_FileIO_android.content.ContextWrapper_openFileInput,API_FileIO_android.content.ContextWrapper_openFileOutput,API_FileIO_android.content.ContextWrapper_deleteFile,API_Database_android.content.ContextWrapper_openOrCreateDatabase,API_Database_android.content.ContextWrapper_databaseList,API_Database_android.content.ContextWrapper_deleteDatabase,API_Database_android.database.sqlite.SQLiteDatabase_execSQL,API_Database_android.database.sqlite.SQLiteDatabase_deleteDatabase,API_Database_android.database.sqlite.SQLiteDatabase_getPath,API_Database_android.database.sqlite.SQLiteDatabase_insert,API_Database_android.database.sqlite.SQLiteDatabase_insertOrThrow,API_Database_android.database.sqlite.SQLiteDatabase_insertWithOnConflict,API_Database_android.database.sqlite.SQLiteDatabase_openDatabase,API_Database_android.database.sqlite.SQLiteDatabase_openOrCreateDatabase,API_Database_android.database.sqlite.SQLiteDatabase_query,API_Database_android.database.sqlite.SQLiteDatabase_queryWithFactory,API_Database_android.database.sqlite.SQLiteDatabase_rawQuery,API_Database_android.database.sqlite.SQLiteDatabase_rawQueryWithFactory,API_Database_android.database.sqlite.SQLiteDatabase_update,API_Database_android.database.sqlite.SQLiteDatabase_updateWithOnConflict,API_Database_android.database.sqlite.SQLiteDatabase_compileStatement,API_Database_android.database.sqlite.SQLiteDatabase_create,API_IPC_android.content.ContextWrapper_sendBroadcast,API_IPC_android.content.ContextWrapper_sendStickyBroadcast,API_IPC_android.content.ContextWrapper_startActivity,API_IPC_android.content.ContextWrapper_startService,API_IPC_android.content.ContextWrapper_stopService,API_IPC_android.content.ContextWrapper_registerReceiver,API_Binder_android.app.ContextImpl_registerReceiver,API_Binder_android.app.ActivityThread_handleReceiver,API_Binder_android.app.Activity_startActivity,API_Crypto_javax.crypto.spec.SecretKeySpec_$init,API_Crypto_javax.crypto.Cipher_doFinal,API_Crypto-Hash_java.security.MessageDigest_digest,API_Crypto-Hash_java.security.MessageDigest_update,API_DeviceInfo_android.telephony.TelephonyManager_getDeviceId,API_DeviceInfo_android.telephony.TelephonyManager_getSubscriberId,API_DeviceInfo_android.telephony.TelephonyManager_getLine1Number,API_DeviceInfo_android.telephony.TelephonyManager_getNetworkOperator,API_DeviceInfo_android.telephony.TelephonyManager_getNetworkOperatorName,API_DeviceInfo_android.telephony.TelephonyManager_getSimOperatorName,API_DeviceInfo_android.net.wifi.WifiInfo_getMacAddress,API_DeviceInfo_android.net.wifi.WifiInfo_getBSSID,API_DeviceInfo_android.net.wifi.WifiInfo_getIpAddress,API_DeviceInfo_android.net.wifi.WifiInfo_getNetworkId,API_DeviceInfo_android.telephony.TelephonyManager_getSimCountryIso,API_DeviceInfo_android.telephony.TelephonyManager_getSimSerialNumber,API_DeviceInfo_android.telephony.TelephonyManager_getNetworkCountryIso,API_DeviceInfo_android.telephony.TelephonyManager_getDeviceSoftwareVersion,API_DeviceInfo_android.os.Debug_isDebuggerConnected,API_DeviceInfo_android.content.pm.PackageManager_getInstallerPackageName,API_DeviceInfo_android.content.pm.PackageManager_getInstalledApplications,API_DeviceInfo_android.content.pm.PackageManager_getInstalledModules,API_DeviceInfo_android.content.pm.PackageManager_getInstalledPackages,API_Network_java.net.URL_openConnection,API_Network_org.apache.http.impl.client.AbstractHttpClient_execute,API_Network_com.android.okhttp.internal.huc.HttpURLConnectionImpl_getInputStream,API_Network_com.android.okhttp.internal.http.HttpURLConnectionImpl_getInputStream,API_DexClassLoader_dalvik.system.BaseDexClassLoader_findResource,API_DexClassLoader_dalvik.system.BaseDexClassLoader_findResources,API_DexClassLoader_dalvik.system.BaseDexClassLoader_findLibrary,API_DexClassLoader_dalvik.system.DexFile_loadDex,API_DexClassLoader_dalvik.system.DexFile_loadClass,API_DexClassLoader_dalvik.system.DexClassLoader_$init,API_Base64_android.util.Base64_decode,API_Base64_android.util.Base64_encode,API_Base64_android.util.Base64_encodeToString,API_SystemManager_android.app.ApplicationPackageManager_setComponentEnabledSetting,API_SystemManager_android.app.NotificationManager_notify,API_SystemManager_android.telephony.TelephonyManager_listen,API_SystemManager_android.content.BroadcastReceiver_abortBroadcast,API_SMS_android.telephony.SmsManager_sendTextMessage,API_SMS_android.telephony.SmsManager_sendMultipartTextMessage,API_DeviceData_android.content.ContentResolver_query,API_DeviceData_android.content.ContentResolver_registerContentObserver,API_DeviceData_android.content.ContentResolver_insert,API_DeviceData_android.content.ContentResolver_delete,API_DeviceData_android.accounts.AccountManager_getAccountsByType,API_DeviceData_android.accounts.AccountManager_getAccounts,API_DeviceData_android.location.Location_getLatitude,API_DeviceData_android.location.Location_getLongitude,API_DeviceData_android.media.AudioRecord_startRecording,API_DeviceData_android.media.MediaRecorder_start,API_DeviceData_android.os.SystemProperties_get,API_DeviceData_android.app.ApplicationPackageManager_getInstalledPackages,API__sessions,Network_TotalReceivedBytes,Network_TotalReceivedPackets,Network_TotalTransmittedBytes,Network_TotalTransmittedPackets,Battery_wakelock,Battery_service,Logcat_verbose,Logcat_info,Logcat_debug,Logcat_error,Logcat_warning,Logcat_total,Process_total,Hash,Category,Family
83313,22072,10768,54316,80820,22960,0,31703,24593,7109,7,1,4,1,4,0,31,34,9,36,3,0,1,0,0,0,0,0,0,0,1,0,0,0,0,0,0,0,0,0,0,3,0,0,0,0,0,0,0,0,0,0,0,0,0,0,0,0,0,0,0,0,0,0,0,0,0,0,0,22,21,0,0,0,0,140,70,0,0,0,0,0,0,0,0,1,0,0,0,1,0,0,0,0,0,0,0,0,0,0,0,0,2,0,0,0,0,0,0,0,0,0,0,0,0,0,20,0,0,0,0,0,0,0,0,4,0,1,1858272,1744,72631,1319,3,0,1525,5038,2434,908,2005,11910,191,0ad515d0d76cc5e73541c87f9ab15271ca15c8119378de4f47132314527dfa97,FileInfector,tachi
119527,26296,11452,85252,79764,27656,0,35639,27378,8260,7,1,4,1,4,0,24,34,10,39,3,0,1,0,0,0,0,0,0,0,2,0,0,0,0,0,0,0,0,0,0,3,0,0,0,0,0,0,0,0,0,0,0,0,0,0,0,0,0,0,0,0,0,0,0,0,0,0,0,18,17,0,0,0,0,396,198,0,0,0,0,0,0,0,0,2,0,0,0,2,0,0,0,0,0,0,0,0,0,0,0,0,2,0,0,0,0,0,0,0,0,0,0,0,0,0,40,0,0,0,0,0,0,0,0,5,0,1,3794088,4527,309653,3265,3,0,2979,1739,1543,2356,1419,10036,190,713c90056f4e4edff864f22ee17567ff6ef81e97404fe89a7f038cea0bf9d8f8,FileInfector,tachi
100950,42888,10752,44236,95680,44560,0,26861,23232,3628,31,2,5,1,4,0,41,34,9,36,3,0,1,0,0,0,0,0,0,0,24,0,0,0,0,0,0,0,0,0,0,12,0,0,0,0,0,0,0,0,0,0,0,0,0,0,0,0,0,0,0,0,0,0,0,0,0,0,0,240,228,0,0,0,0,0,0,0,0,0,0,0,0,0,0,24,0,0,0,24,0,0,0,0,0,0,0,0,0,0,0,0,24,0,0,0,0,0,0,0,0,0,0,0,0,0,480,0,0,0,0,0,0,0,0,49,0,12,0,0,0,0,3,0,6316,3866,994,1511,2057,14744,188,b895224b6a33d43ea75fea7be3937df785157238e3015747c6d53967f5d64d9c,FileInfector,tachi
49911,6376,12552,34672,94800,6388,0,17807,13783,4023,26,1,6,2,2,0,10,27,4,16,0,0,0,0,0,0,0,0,0,0,0,0,0,0,0,0,0,0,0,0,0,0,0,0,0,0,0,0,0,0,0,0,0,0,0,0,0,0,0,0,0,0,0,0,0,0,0,0,0,0,0,0,6,8,10,4,4,0,0,0,4,0,0,0,0,0,0,2,0,0,0,0,0,0,0,0,0,0,0,0,0,0,0,8,46,0,0,0,0,0,0,0,0,0,0,0,0,0,0,0,0,0,0,0,0,6,0,2,0,0,0,0,4,0,1359,2216,676,2583,1433,8267,186,48bb23af6cf29eff244bf2e8ff052a40018b84739698a5914c0a4cc0283dd2ab,FileInfector,gudex
53259,1076,10856,46484,83380,1088,0,26825,21373,5451,662,28,17,13,2,0,76,39,5,20,0,0,0,0,0,0,0,0,0,0,0,0,0,0,0,0,0,0,0,0,0,0,0,0,0,0,0,0,0,0,0,0,0,0,0,0,0,0,0,0,0,0,0,0,0,0,0,0,0,7,26,2,24,0,0,0,0,0,0,0,0,0,0,0,0,0,0,0,0,0,0,0,0,0,0,0,0,0,0,0,0,0,0,0,0,0,0,0,0,0,0,0,0,0,0,0,0,0,0,0,0,0,0,0,0,13,0,1,0,0,0,0,3,0,514,3563,2638,1865,1701,10281,191,ac10e2d65b995b5b4469d7357046cfe5c2bddfc1b39e7ac29dafe513e85f415b,FileInfector,commplat
48267,4808,10940,34512,91540,5860,0,17302,13982,3319,46,2,5,1,2,0,11,26,2,10,0,0,0,0,0,0,0,0,0,0,0,0,0,0,0,0,0,0,0,0,0,0,0,0,0,0,0,0,0,0,0,0,0,0,0,0,0,0,0,0,0,0,0,0,0,0,0,0,0,24,48,2,8,0,0,0,0,0,0,0,0,0,0,0,0,0,0,0,0,0,0,0,0,0,0,0,0,0,0,0,0,0,0,0,0,0,0,0,0,0,0,0,0,0,0,0,0,0,0,0,0,0,0,0,0,24,0,18,0,0,0,0,3,0,3005,4840,1161,9801,1832,20639,189,c82500de9ab2fc948499ebe4ebe0cbfa926b13f18bae5e89aed5c2ef84b4aadd,FileInfector,commplat
93143,39516,12052,40760,99976,41104,0,24558,21609,2948,31,2,5,1,4,0,33,36,9,38,4,0,1,0,0,0,0,0,0,0,10,0,0,0,0,0,0,0,0,0,0,9,0,0,0,0,0,0,0,0,0,0,0,0,0,0,0,0,0,0,0,0,0,0,0,0,0,0,0,178,169,0,0,0,0,0,0,0,0,0,0,0,0,0,0,9,0,0,0,9,0,0,0,0,0,0,0,0,0,0,0,0,18,0,0,0,0,0,0,0,0,0,0,0,0,0,180,0,0,0,0,0,0,0,0,28,0,9,100310,160,20694,211,3,0,1508,5143,1062,3081,2206,13000,188,acdd37677b0f916ece8754fa0c55b786df99356b6d802bf21a3eab116771d608,FileInfector,tachi
48862,3588,11052,34728,95312,4380,0,17298,14041,3256,46,2,5,1,2,0,10,26,2,10,0,0,0,0,0,0,0,0,0,0,0,0,0,0,0,0,0,0,0,0,0,0,0,0,0,0,0,0,0,0,0,0,0,0,0,0,0,0,0,0,0,0,0,0,0,0,0,0,0,18,36,2,4,0,0,0,0,0,0,0,0,0,0,0,0,0,0,0,0,0,0,0,0,0,0,0,0,0,0,0,0,0,0,0,0,0,0,0,0,0,0,0,0,0,0,0,0,0,0,0,0,0,0,0,0,18,0,15,0,0,0,0,3,0,924,7756,1689,3349,2376,16094,190,cfefb31a8b4cb68bee0a582a57f37c8d7523c8ce1819d3cc315776afb028d05a,FileInfector,commplat
51386,3424,11292,36344,91148,4348,0,21480,18304,3175,68,3,5,1,2,0,13,28,2,8,0,0,0,0,0,0,0,0,0,0,0,0,0,0,0,0,0,0,0,0,0,0,0,0,0,0,0,0,0,0,0,0,0,0,0,0,0,0,0,0,0,0,0,0,0,0,0,0,0,17,34,2,8,0,0,0,0,0,0,0,0,0,0,0,0,0,0,0,0,0,0,0,0,0,0,0,0,0,0,0,0,0,0,0,0,0,0,0,0,0,0,0,0,0,0,0,0,0,0,0,0,0,0,0,0,17,0,12,0,0,0,0,3,0,3716,3999,909,1790,2406,12820,189,92971aa191fa8cd3b295ff67e3ec76092bc08d1e9b1296468e70d0624ae11f2f,FileInfector,commplat
91863,38080,10728,39060,107724,39768,0,26558,22025,4532,31,1,5,1,4,0,30,35,9,36,3,0,1,0,0,0,0,0,0,0,12,0,0,0,0,0,0,0,0,0,0,12,0,0,0,0,0,0,0,0,0,0,0,0,0,0,0,0,0,0,0,0,0,0,0,0,0,0,0,232,220,0,0,0,0,0,0,0,0,0,0,0,0,0,0,12,0,0,0,12,0,0,0,0,0,0,0,0,0,0,0,0,24,0,0,0,0,0,0,0,0,0,0,0,0,0,240,0,0,0,0,0,0,0,0,37,0,12,0,0,0,0,3,0,1778,5147,2302,727,1503,11457,190,6bcf2eb7d411ce3d36894984ece515ebc29d5914d35d28e82ce9a36811373e1e,FileInfector,tachi
52908,5440,10772,39592,89524,5448,0,30215,17015,13199,48,4,7,4,2,0,13,32,6,26,0,0,0,0,0,0,0,0,0,0,0,0,0,0,0,0,0,0,0,0,0,0,0,0,0,0,0,0,0,0,0,0,0,0,0,0,0,0,0,0,0,0,0,0,0,0,0,3,0,1,2,0,20,0,0,24,16,1,0,0,8,16,0,8,0,0,0,0,0,0,0,0,0,0,0,0,8,0,0,0,0,0,0,0,0,3,0,0,0,0,0,0,0,0,0,0,0,0,0,0,0,0,0,0,0,13,0,1,0,0,0,0,5,0,2966,791,1501,2029,2953,10240,186,1bb2297fae190a50e2e23ca26410a5afc005a4e216b99aca87b0236a63aff50b,FileInfector,leech
48319,3632,11044,34748,87844,4548,0,17296,14059,3236,46,2,5,1,2,0,10,26,3,12,0,0,0,0,0,0,0,0,0,0,0,0,0,0,0,0,0,0,0,0,0,0,0,0,0,0,0,0,0,0,0,0,0,0,0,0,0,0,0,0,0,0,0,0,0,0,0,0,0,18,36,2,6,0,0,0,0,0,0,0,0,0,0,0,0,0,0,0,0,0,0,0,0,0,0,0,0,0,0,0,0,0,0,0,0,0,0,0,0,0,0,0,0,0,0,0,0,0,0,0,0,0,0,0,0,18,0,14,0,0,0,0,3,0,1747,3605,865,12018,2539,20774,189,620eed2087bbbb255257bdf2d295f6ab42c79481bc8505d35c9b891cc52440e9,FileInfector,commplat
41470,4440,11188,31228,78220,4448,0,17275,12211,5064,46,2,5,1,2,0,10,26,2,7,0,0,0,0,0,0,0,0,0,0,0,0,0,0,0,0,0,0,0,0,0,0,0,0,0,0,0,0,0,0,0,0,0,0,0,0,0,0,0,0,0,0,0,0,0,0,0,0,0,23,46,2,6,0,0,0,0,0,0,0,0,0,0,0,0,0,0,0,0,0,0,0,0,0,0,0,0,0,0,0,0,0,0,0,0,0,0,0,0,0,0,0,0,0,0,0,0,0,0,0,0,0,0,0,0,23,0,19,0,0,0,0,3,0,8154,981,1697,2683,3464,16979,186,9bb14028c001ab84d144a451dbe1d799a0af6a06ded3f034d3b6a5bc1dbec8d9,FileInfector,commplat
52450,4820,10956,36572,90120,5556,0,17548,14609,2938,92,4,6,2,2,0,14,29,3,14,0,0,0,0,0,0,0,0,0,0,0,0,0,0,0,0,0,0,0,0,0,0,0,0,0,0,0,0,0,0,0,0,0,0,0,0,0,0,0,0,0,0,0,0,0,0,0,0,0,13,26,2,6,0,0,0,0,0,0,0,0,0,0,0,0,0,0,0,0,0,0,0,0,0,0,0,0,0,0,0,0,0,0,0,0,0,0,0,0,0,0,0,0,0,0,0,0,0,0,0,0,0,0,0,0,13,0,9,0,0,0,0,3,0,6450,2201,1639,2536,700,13526,191,95064bf3eeb3bfbdd5e8ab4b37e605dfc04f78d5cce5e2f34b5e4b62a41539b7,FileInfector,commplat
46494,4368,10980,33564,91640,5284,0,16263,13964,2298,46,2,5,1,2,0,10,26,3,12,0,0,0,0,0,0,0,0,0,0,0,0,0,0,0,0,0,0,0,0,0,0,0,0,0,0,0,0,0,0,0,0,0,0,0,0,0,0,0,0,0,0,0,0,0,0,0,0,0,23,46,2,10,0,0,0,0,0,0,0,0,0,0,0,0,0,0,0,0,0,0,0,0,0,0,0,0,0,0,0,0,0,0,0,0,0,0,0,0,0,0,0,0,0,0,0,0,0,0,0,0,0,0,0,0,23,0,15,0,0,0,0,3,0,4694,7893,1139,1803,2556,18085,192,a7af41a5d8a6acbea98a1700210026acc84c480899490fee01e1262fbb3ee4fc,FileInfector,commplat
49169,4524,11024,34828,86376,4900,0,17298,14110,3187,46,2,5,1,2,0,10,27,3,12,0,0,0,0,0,0,0,0,0,0,0,0,0,0,0,0,0,0,0,0,0,0,0,0,0,0,0,0,0,0,0,0,0,0,0,0,0,0,0,0,0,0,0,0,0,0,0,0,0,6,12,2,4,0,0,0,0,0,0,0,0,0,0,0,0,0,0,0,0,0,0,0,0,0,0,0,0,0,0,0,0,0,0,0,0,0,0,0,0,0,0,0,0,0,0,0,0,0,0,0,0,0,0,0,0,6,0,3,0,0,0,0,3,0,2589,1587,978,2734,1941,9829,188,851df324f0e6973c87dd1740a921ab152318b648c1350bcfdfb05cd0562a4c6e,FileInfector,commplat
51888,1020,10952,44708,85132,1032,0,33740,25566,8173,882,40,8,4,2,0,83,33,4,19,0,0,0,0,0,0,0,0,0,0,0,0,0,0,0,0,0,0,0,0,0,0,0,0,0,0,0,0,0,0,0,0,0,0,0,0,0,0,0,0,0,0,0,0,0,0,0,0,0,4,8,2,4,0,0,0,0,0,0,0,0,0,0,0,0,0,0,0,0,0,0,0,0,0,0,0,0,0,0,0,0,0,0,0,0,0,0,0,0,0,0,0,0,0,0,0,0,0,0,0,0,0,0,0,0,4,0,1,0,0,0,0,3,0,2282,2246,465,1555,1635,8183,192,447fdd11784c3a39b5ab5ab0d985e6d424022584a91f7f53b8880bdb5b27fc22,FileInfector,commplat
95439,40668,10732,39756,96620,42388,0,26571,22062,4508,31,2,5,1,4,0,37,34,9,39,3,0,1,0,0,0,0,0,0,0,14,0,0,0,0,0,0,0,0,0,0,14,0,0,0,0,0,0,0,0,0,0,0,0,0,0,0,0,0,0,0,0,0,0,0,0,0,0,0,280,266,0,0,0,0,0,0,0,0,0,0,0,0,0,0,14,0,0,0,14,0,0,0,0,0,0,0,0,0,0,0,0,28,0,0,0,0,0,0,0,0,0,0,0,0,0,280,0,0,0,0,0,0,0,0,43,0,14,0,0,0,0,3,0,1193,2055,6856,2960,1515,14579,188,a8085810bc155b15b10d37212c5b1d2afaaa87270e905111a3de3bf90e24e47f,FileInfector,tachi
49676,3368,11252,36356,94136,4448,0,21480,18425,3054,68,3,5,1,2,0,10,28,2,10,0,0,0,0,0,0,0,0,0,0,0,0,0,0,0,0,0,0,0,0,0,0,0,0,0,0,0,0,0,0,0,0,0,0,0,0,0,0,0,0,0,0,0,0,0,0,0,0,0,17,34,2,6,0,0,0,0,0,0,0,0,0,0,0,0,0,0,0,0,0,0,0,0,0,0,0,0,0,0,0,0,0,0,0,0,0,0,0,0,0,0,0,0,0,0,0,0,0,0,0,0,0,0,0,0,17,0,11,0,0,0,0,3,0,3684,6951,2515,1713,803,15666,188,708d802d354f2558193152e93fcb44f6457be193e5b8fb70269cd6c69ea7eebe,FileInfector,commplat
71316,20324,10744,43548,77772,21540,0,26779,22418,4360,31,2,5,1,4,0,29,35,9,38,3,0,1,0,0,0,0,0,0,0,2,0,0,0,0,0,0,0,0,0,0,1,0,0,0,0,0,0,0,0,0,0,0,0,0,0,0,0,0,0,0,0,0,0,0,0,0,0,0,20,19,0,0,0,0,0,0,0,0,0,0,0,0,0,0,2,0,0,0,2,0,0,0,0,0,0,0,0,0,0,0,0,2,0,0,0,0,0,0,0,0,0,0,0,0,0,40,0,0,0,0,0,0,0,0,5,0,1,0,0,0,0,3,0,1316,1819,651,1506,2506,7798,190,db70a6d7976656de42a48351d82a4b9e91e2bcd9195934d7e5993a4471b41725,FileInfector,tachi
49074,4800,10992,34504,82896,5844,0,17296,13954,3341,46,2,5,1,2,0,9,26,2,10,0,0,0,0,0,0,0,0,0,0,0,0,0,0,0,0,0,0,0,0,0,0,0,0,0,0,0,0,0,0,0,0,0,0,0,0,0,0,0,0,0,0,0,0,0,0,0,0,0,15,30,2,8,0,0,0,0,0,0,0,0,0,0,0,0,0,0,0,0,0,0,0,0,0,0,0,0,0,0,0,0,0,0,0,0,0,0,0,0,0,0,0,0,0,0,0,0,0,0,0,0,0,0,0,0,15,0,10,0,0,0,0,3,0,3414,1761,917,2958,9386,18436,188,07f759b6ad81060595bf1827f6ea0c907ab8a661c50ea35a3f1e90b64f10bb74,FileInfector,commplat
108455,38944,10800,54288,107940,40500,0,29367,24129,5237,31,1,4,1,4,0,39,36,9,38,3,0,1,0,0,0,0,0,0,0,2,0,0,0,0,0,0,0,0,0,0,6,0,0,0,0,0,0,0,0,0,0,0,0,0,0,0,0,0,0,0,0,0,0,0,0,0,0,0,44,42,0,0,0,0,168,84,0,0,0,0,0,0,0,0,2,0,0,0,2,0,0,0,0,0,0,0,0,0,0,0,0,4,0,0,0,0,0,0,0,0,0,0,0,0,0,40,0,0,0,0,0,0,0,0,7,0,2,0,0,0,0,3,0,5779,1516,1870,2624,1106,12895,190,2190d0bf7515dc4e236e19a29f125fc7c057a82267334cf40ac6acc2b789133c,FileInfector,tachi
50382,4648,11040,34732,94140,5512,0,17313,14180,3132,46,2,5,1,2,0,10,26,3,12,0,0,0,0,0,0,0,0,0,0,0,0,0,0,0,0,0,0,0,0,0,0,0,0,0,0,0,0,0,0,0,0,0,0,0,0,0,0,0,0,0,0,0,0,0,0,0,0,0,14,28,2,6,0,0,0,0,0,0,0,0,0,0,0,0,0,0,0,0,0,0,0,0,0,0,0,0,0,0,0,0,0,0,0,0,0,0,0,0,0,0,0,0,0,0,0,0,0,0,0,0,0,0,0,0,14,0,10,0,0,0,0,3,0,2671,1669,6387,690,2250,13667,187,d0bef65e67d7484f44252c202b39985255830bc347b77c586cd48686f99cc3bf,FileInfector,commplat
50623,4632,11080,34748,94584,5444,0,17314,14162,3151,46,2,5,1,2,0,10,26,3,12,0,0,0,0,0,0,0,0,0,0,0,0,0,0,0,0,0,0,0,0,0,0,0,0,0,0,0,0,0,0,0,0,0,0,0,0,0,0,0,0,0,0,0,0,0,0,0,0,0,13,26,2,4,0,0,0,0,0,0,0,0,0,0,0,0,0,0,0,0,0,0,0,0,0,0,0,0,0,0,0,0,0,0,0,0,0,0,0,0,0,0,0,0,0,0,0,0,0,0,0,0,0,0,0,0,13,0,10,0,0,0,0,3,0,2287,7023,2716,745,1671,14442,189,896195d1e47e7dcfb33d183da19329ba2b36c5f6fd4e89e9c0e4e2b313787a2c,FileInfector,commplat
109495,42312,10712,52940,97216,44060,0,29339,22148,7190,31,2,4,1,4,0,34,35,10,40,3,0,1,0,0,0,0,0,0,0,13,0,0,0,0,0,0,0,0,0,0,15,0,0,0,0,0,0,0,0,0,0,0,0,0,0,0,0,0,0,0,0,0,0,0,0,0,0,0,108,103,0,0,0,0,752,376,0,0,0,0,0,0,0,0,10,0,0,0,10,0,0,0,0,0,0,0,0,0,0,0,0,10,0,0,0,0,0,0,0,0,0,0,0,0,0,200,0,0,0,0,0,0,0,0,21,0,5,1148359,1396,149907,1220,3,0,1095,2604,1706,2952,1519,9876,192,9a1113adcaf72e32fe127bf259fd274ec1ea0c87b1852f5c2ae50e4785a7e9e5,FileInfector,tachi
178637,25920,10800,145328,74908,27164,0,41641,31514,10126,7,1,4,1,4,0,30,34,9,36,3,0,1,0,0,0,0,0,0,0,1,0,0,0,0,0,0,0,0,0,0,3,0,0,0,0,0,0,0,0,0,0,0,0,0,0,0,0,0,0,0,0,0,0,0,0,0,0,0,22,21,0,0,0,0,1332,666,0,0,0,0,0,0,0,0,1,0,0,0,1,0,0,0,0,0,0,0,0,0,0,0,0,2,0,0,0,0,0,0,0,0,0,0,0,0,0,20,0,0,0,0,0,0,0,0,4,0,1,3247708,3275,273390,2724,3,0,1509,2718,963,1841,1740,8771,187,a4b5bb74975744d4bd0cf7308ef4f11edf0e40cf3d09971075fd9bd6f52f40df,FileInfector,tachi
58777,1228,10948,51564,85152,1240,0,33118,25873,7244,1086,49,13,9,2,0,96,36,4,18,0,0,0,0,0,0,0,0,0,0,0,0,0,0,0,0,0,0,0,0,0,0,0,0,0,0,0,0,0,0,0,0,0,0,0,0,0,0,0,0,0,0,0,0,0,0,0,0,0,7,18,2,14,0,0,0,0,0,0,0,0,0,0,0,0,0,0,0,0,0,0,0,0,0,0,0,0,0,0,0,0,0,0,0,0,0,0,0,0,0,0,0,0,0,0,0,0,0,0,0,0,0,0,0,0,9,0,1,0,0,0,0,3,0,1609,2722,2504,814,3006,10655,192,bd68e4b164a7b66657711e22fa11fcbd0d292a29d96277bec7d8d417a467515a,FileInfector,commplat
95560,40764,10760,42648,104544,42416,0,26835,21731,5103,31,2,5,1,4,0,37,34,9,38,3,0,1,0,0,0,0,0,0,0,10,0,0,0,0,0,0,0,0,0,0,5,0,0,0,0,0,0,0,0,0,0,0,0,0,0,0,0,0,0,0,0,0,0,0,0,0,0,0,98,93,0,0,0,0,0,0,0,0,0,0,0,0,0,0,10,0,0,0,10,0,0,0,0,0,0,0,0,0,0,0,0,10,0,0,0,0,0,0,0,0,0,0,0,0,0,200,0,0,0,0,0,0,0,0,21,0,5,0,0,0,0,3,0,1517,2648,2601,3212,1032,11010,187,b0905cf0165f8d9ab564956231b81454b5edeb733faceb541bc97eb8b67c88ef,FileInfector,tachi
95258,39008,10732,42852,98764,40668,0,26915,21847,5067,55,3,5,1,4,0,34,34,9,36,3,0,1,0,0,0,0,0,0,0,4,0,0,0,0,0,0,0,0,0,0,2,0,0,0,0,0,0,0,0,0,0,0,0,0,0,0,0,0,0,0,0,0,0,0,0,0,0,0,40,38,0,0,0,0,0,0,0,0,0,0,0,0,0,0,4,0,0,0,4,0,0,0,0,0,0,0,0,0,0,0,0,4,0,0,0,0,0,0,0,0,0,0,0,0,0,80,0,0,0,0,0,0,0,0,9,0,2,120,3,2520,42,3,0,1528,2366,1113,2307,2546,9860,195,5e23eb9b4858c0ce646aec8237496d6f0bb1a05ae79483e86e9e26749d11b9e7,FileInfector,<unknown>
172689,16808,10908,149108,56936,17876,0,43769,32940,10828,7,1,4,1,4,0,31,35,9,36,3,0,1,0,0,0,0,0,0,0,1,0,0,0,0,0,0,0,0,0,0,1,0,0,0,0,0,0,0,0,0,0,0,0,0,0,0,0,0,0,0,0,0,0,0,0,0,0,0,24,23,0,0,0,0,1368,684,0,0,0,0,0,0,0,0,1,0,0,0,1,0,0,0,0,0,0,0,0,0,0,0,0,2,0,0,0,0,0,0,0,0,0,0,0,0,0,20,0,0,0,0,0,0,0,0,5,0,1,3094014,2903,173458,2238,2,0,2157,2177,1634,1523,1041,8532,191,f62196450395075bbfdf82432bd9976dd50c8e06025585266a17833b4d3a11d2,FileInfector,tachi
92337,25664,11700,57544,82788,26724,0,32076,24938,7137,9,2,5,1,4,0,31,37,9,36,3,0,1,0,0,0,0,0,0,0,11,0,0,0,0,0,0,0,0,0,0,3,0,0,0,0,0,0,0,0,0,0,0,0,0,0,0,0,0,0,0,0,0,0,0,0,0,9,0,22,21,0,0,0,0,104,52,0,0,0,0,0,0,0,0,2,0,0,0,2,0,0,0,0,0,0,0,0,0,0,0,0,2,0,0,0,0,0,0,0,36,0,0,0,0,0,40,0,0,0,0,0,0,0,0,5,0,1,3681673,3124,137582,2074,4,1,1951,1619,2479,11184,1486,18719,186,efd5922de25e3d872b1e7cb8e24f04ac299de1bb547553de59e603a2fe13a596,FileInfector,tachi
47088,10352,12140,27220,85416,10364,0,13180,10832,2347,14,1,5,1,2,0,12,28,3,12,0,0,0,0,0,0,0,0,0,0,0,0,0,0,0,0,0,0,0,0,0,0,0,0,0,0,0,0,0,0,0,0,0,0,0,0,0,0,0,0,0,0,0,0,0,0,0,0,0,4,8,0,0,0,0,0,0,0,0,0,4,0,0,0,0,0,0,2,0,0,0,0,0,0,0,0,0,0,0,0,0,0,0,0,0,0,0,0,0,0,0,0,0,0,0,0,0,0,0,0,0,0,0,0,0,2,0,2,0,0,0,0,4,0,1866,1433,2577,572,1517,7965,189,70ce626d4768004f06991cbaea5badf1cf0bf02649e1f540942d5e738a3c71ab,FileInfector,gudex
91598,40248,10772,39284,104936,41996,0,26595,21496,5098,31,2,5,1,4,0,40,35,8,32,3,0,1,0,0,0,0,0,0,0,9,0,0,0,0,0,0,0,0,0,0,9,0,0,0,0,0,0,0,0,0,0,0,0,0,0,0,0,0,0,0,0,0,0,0,0,0,0,0,180,171,0,0,0,0,0,0,0,0,0,0,0,0,0,0,9,0,0,0,9,0,0,0,0,0,0,0,0,0,0,0,0,18,0,0,0,0,0,0,0,0,0,0,0,0,0,180,0,0,0,0,0,0,0,0,28,0,9,0,0,0,0,3,0,1518,6016,2476,803,1777,12590,191,b9a3cad49633ca808318b16f4de0d9f045ed7807caf5747f253392b7dcfd22cd,FileInfector,tachi
140174,18832,10756,115444,69620,19480,0,45322,34453,10868,7,1,4,1,4,0,30,34,9,36,3,0,1,0,0,0,0,0,0,0,1,0,0,0,0,0,0,0,0,0,0,1,0,0,0,0,0,0,0,0,0,0,0,0,0,0,0,0,0,0,0,0,0,0,0,0,0,0,0,22,21,0,0,0,0,808,404,0,0,0,0,0,0,0,0,1,0,0,0,1,0,0,0,0,0,0,0,0,0,0,0,0,2,0,0,0,0,0,0,0,0,0,0,0,0,0,20,0,0,0,0,0,0,0,0,4,0,1,2796441,2831,219040,2215,3,0,1497,2172,2016,823,1509,8017,189,bf36b3abaa3bb8f6ece039423293d440bbdbaa44fbc51381a0b53a93c932fad2,FileInfector,tachi
137037,36652,10480,87524,104012,39396,0,46063,33908,12154,401,6,12,8,4,0,58,44,17,67,2,1,2,0,0,0,0,0,0,0,4,0,0,2,0,0,0,0,0,0,0,3,0,0,0,0,0,0,1,0,26,0,0,0,1,0,0,0,0,25,0,0,1,0,4,0,0,6,0,54,85,0,22,0,0,75,234,1,0,0,13,26,0,11,0,0,0,0,0,2,0,0,0,0,0,0,16,0,3,0,0,0,2,0,0,3,0,0,0,0,0,0,0,0,0,50,77,0,0,0,0,0,0,0,0,18,0,1,7030,23,4347,26,4,1,660,3703,2124,3642,1518,11647,188,59671f5b914469170222674a2c73e9ee2bcc128bfe9c1dc8f2a04ff1f4daba3c,FileInfector,leech
49062,3392,11060,34740,94784,5444,0,17314,14125,3188,46,2,5,1,2,0,10,26,3,12,0,0,0,0,0,0,0,0,0,0,0,0,0,0,0,0,0,0,0,0,0,0,0,0,0,0,0,0,0,0,0,0,0,0,0,0,0,0,0,0,0,0,0,0,0,0,0,0,0,23,46,2,8,0,0,0,0,0,0,0,0,0,0,0,0,0,0,0,0,0,0,0,0,0,0,0,0,0,0,0,0,0,0,0,0,0,0,0,0,0,0,0,0,0,0,0,0,0,0,0,0,0,0,0,0,23,0,18,0,0,0,0,3,0,2991,1853,4570,8913,1131,19458,191,0fe39455091594fe7a6ea3629100ec991a92ebe7afdd7526c17108138a6650b1,FileInfector,commplat
108929,42364,10756,51632,99516,44096,0,30126,25278,4847,35,3,4,1,4,0,38,34,9,36,3,0,1,0,0,0,0,0,0,0,3,0,0,0,0,0,0,0,0,0,0,4,0,0,0,0,0,0,0,0,0,0,0,0,0,0,0,0,0,0,0,0,0,0,0,0,1,7,0,45,44,0,8,14,16,84,46,0,0,0,4,0,0,0,0,0,0,2,0,3,0,0,0,0,0,0,0,0,0,0,0,0,4,14,53,0,0,0,0,0,0,0,0,7,0,0,62,0,0,0,0,0,0,0,0,14,0,2,1365119,1177,66203,842,4,1,1511,713,3144,2130,2029,9527,193,08739474a0bdabb86927894124e36ad71144e85f15f96a9afe78f0bc76adadb9,FileInfector,<unknown>
117986,27064,13408,81868,78480,28336,0,35652,28691,6960,7,1,4,1,4,0,31,34,11,43,3,0,1,0,0,0,0,0,0,0,2,0,0,0,0,0,0,0,0,0,0,3,0,0,0,0,0,0,0,0,0,0,0,0,0,0,0,0,0,0,0,0,0,0,0,0,0,0,0,24,23,0,0,0,0,382,192,0,0,0,0,0,0,0,0,2,0,0,0,2,0,0,0,0,0,0,0,0,0,0,0,0,2,0,0,0,0,0,0,0,0,0,0,0,0,0,40,0,0,0,0,0,0,0,0,5,0,1,0,0,0,0,3,0,848,2390,1507,1172,1870,7787,187,252af6bfe78db091753382f6ddf7b8a457bcd427a5b3ccb2b13fb9fe89744dc2,FileInfector,tachi
57391,904,10900,51056,83852,916,0,33506,25158,8347,1132,50,18,14,2,0,68,40,4,16,0,0,0,0,0,0,0,0,0,0,0,0,0,0,0,0,0,0,0,0,0,0,0,0,0,0,0,0,0,0,0,0,0,0,0,0,0,0,0,0,0,0,0,0,0,0,0,0,0,7,28,2,26,0,0,0,0,0,0,0,0,0,0,0,0,0,0,0,0,0,0,0,0,0,0,0,0,0,0,0,0,0,0,0,0,0,0,0,0,0,0,0,0,0,0,0,0,0,0,0,0,0,0,0,0,14,0,1,0,0,0,0,3,0,1693,2624,3467,2444,594,10822,192,49fe314870e0f4667cfbb2301b40d7fec2d6d0da034505413e3612b9f10984e8,FileInfector,commplat
109241,42024,10756,54152,107340,43760,0,32052,25670,6381,35,2,4,1,4,0,33,33,9,36,3,0,1,0,0,0,0,0,0,0,3,0,0,0,0,0,0,0,0,0,0,6,0,0,0,0,0,0,0,0,0,0,0,0,0,0,0,0,0,0,0,0,0,0,0,0,1,7,0,45,44,0,8,16,19,178,94,0,0,0,6,0,0,0,0,0,0,3,0,2,0,0,0,0,0,0,0,0,0,0,0,0,4,16,76,0,0,0,0,0,0,0,0,7,0,0,40,0,0,0,0,0,0,0,0,14,0,3,0,0,0,0,4,1,1510,11481,2933,2212,1142,19278,190,5858a94eff62d7989572e1ff006597a6a6109dc524c99866b4e0c3a8b9850245,FileInfector,gudex
49747,3416,10896,34684,96080,4260,0,16318,14110,2207,46,2,5,1,2,0,10,27,3,12,0,0,0,0,0,0,0,0,0,0,0,0,0,0,0,0,0,0,0,0,0,0,0,0,0,0,0,0,0,0,0,0,0,0,0,0,0,0,0,0,0,0,0,0,0,0,0,0,0,12,24,2,6,0,0,0,0,0,0,0,0,0,0,0,0,0,0,0,0,0,0,0,0,0,0,0,0,0,0,0,0,0,0,0,0,0,0,0,0,0,0,0,0,0,0,0,0,0,0,0,0,0,0,0,0,12,0,9,0,0,0,0,3,0,1731,6200,826,2604,3148,14509,190,a4d9dd4f1563201904d9efd1634879dc497297f1850f9195b564900c3a823054,FileInfector,commplat
93082,40588,10736,39412,102372,42148,0,24516,21467,3048,31,1,5,1,4,0,31,35,9,36,3,0,1,0,0,0,0,0,0,0,11,0,0,0,0,0,0,0,0,0,0,11,0,0,0,0,0,0,0,0,0,0,0,0,0,0,0,0,0,0,0,0,0,0,0,0,0,0,0,218,207,0,0,0,0,0,0,0,0,0,0,0,0,0,0,11,0,0,0,11,0,0,0,0,0,0,0,0,0,0,0,0,22,0,0,0,0,0,0,0,0,0,0,0,0,0,220,0,0,0,0,0,0,0,0,34,0,11,18103,64,9267,84,3,0,1513,1849,794,5720,2409,12285,191,ce612cb9b3b8516c73532328a08d1ca67dd2d41fbbd1307fe7fa232c430a197d,FileInfector,tachi
45426,2824,10996,34348,94568,3252,0,21380,18032,3347,46,2,5,1,2,0,9,25,2,10,0,0,0,0,0,0,0,0,0,0,0,0,0,0,0,0,0,0,0,0,0,0,0,0,0,0,0,0,0,0,0,0,0,0,0,0,0,0,0,0,0,0,0,0,0,0,0,0,0,13,26,2,4,0,0,0,0,0,0,0,0,0,0,0,0,0,0,0,0,0,0,0,0,0,0,0,0,0,0,0,0,0,0,0,0,0,0,0,0,0,0,0,0,0,0,0,0,0,0,0,0,0,0,0,0,13,0,10,0,0,0,0,3,0,1031,3244,2956,1685,4624,13540,187,a0ab51ecb5e3e182878f389d70361aed4697e1771c4dc2f07ea5cfbfc1807a1d,FileInfector,commplat
48588,3320,11044,34800,90892,4160,0,17315,14067,3247,46,2,5,1,2,0,11,27,2,10,0,0,0,0,0,0,0,0,0,0,0,0,0,0,0,0,0,0,0,0,0,0,0,0,0,0,0,0,0,0,0,0,0,0,0,0,0,0,0,0,0,0,0,0,0,0,0,0,0,19,38,2,6,0,0,0,0,0,0,0,0,0,0,0,0,0,0,0,0,0,0,0,0,0,0,0,0,0,0,0,0,0,0,0,0,0,0,0,0,0,0,0,0,0,0,0,0,0,0,0,0,0,0,0,0,19,0,15,0,0,0,0,3,0,7633,1672,2199,742,3121,15367,189,47185b083660d30f0a1de2778e75c2c9b78e8867b4a4bece7c87abfa5a6a4f25,FileInfector,commplat
51305,4776,10976,34696,93448,5676,0,17315,14107,3207,46,2,5,1,2,0,10,27,3,12,0,0,0,0,0,0,0,0,0,0,0,0,0,0,0,0,0,0,0,0,0,0,0,0,0,0,0,0,0,0,0,0,0,0,0,0,0,0,0,0,0,0,0,0,0,0,0,0,0,16,32,2,6,0,0,0,0,0,0,0,0,0,0,0,0,0,0,0,0,0,0,0,0,0,0,0,0,0,0,0,0,0,0,0,0,0,0,0,0,0,0,0,0,0,0,0,0,0,0,0,0,0,0,0,0,16,0,12,0,0,0,0,3,0,3522,7385,766,1721,2304,15698,187,c135d17bccc0906bb13bd29e96be88b408782ca91bd1737c7f644b3515be6ae3,FileInfector,commplat
96777,41020,11912,38696,95764,42628,0,24510,19935,4574,31,2,5,1,4,0,33,35,8,34,3,0,1,0,0,0,0,0,0,0,8,0,0,0,0,0,0,0,0,0,0,8,0,0,0,0,0,0,0,0,0,0,0,0,0,0,0,0,0,0,0,0,0,0,0,0,0,0,0,158,150,0,0,0,0,0,0,0,0,0,0,0,0,0,0,8,0,0,0,8,0,0,0,0,0,0,0,0,0,0,0,0,16,0,0,0,0,0,0,0,0,0,0,0,0,0,160,0,0,0,0,0,0,0,0,25,0,8,0,0,0,0,3,0,1132,1515,2143,2786,5440,13016,189,70aaded3b70f691961f511b59c0768ef643f5fb1d691bb61c932964059aad88c,FileInfector,tachi
78695,20628,10796,51960,81428,21692,0,29287,23484,5802,7,1,4,1,4,0,25,34,9,38,3,0,1,0,0,0,0,0,0,0,1,0,0,0,0,0,0,0,0,0,0,1,0,0,0,0,0,0,0,0,0,0,0,0,0,0,0,0,0,0,0,0,0,0,0,0,0,0,0,16,15,0,0,0,0,112,56,0,0,0,0,0,0,0,0,1,0,0,0,1,0,0,0,0,0,0,0,0,0,0,0,0,2,0,0,0,0,0,0,0,0,0,0,0,0,0,20,0,0,0,0,0,0,0,0,4,0,1,2062588,1556,46110,826,3,0,707,2074,1526,1938,2496,8741,190,0736ea93b68603b84c3dc18291425279868e705862eb7b01ecd993e99a3ba31c,FileInfector,tachi
51415,6132,10988,34760,86812,9264,0,17314,14090,3223,46,2,5,1,2,0,10,26,3,12,0,0,0,0,0,0,0,0,0,0,0,0,0,0,0,0,0,0,0,0,0,0,0,0,0,0,0,0,0,0,0,0,0,0,0,0,0,0,0,0,0,0,0,0,0,0,0,0,0,17,34,2,2,0,0,0,0,0,0,0,0,0,0,0,0,0,0,0,0,0,0,0,0,0,0,0,0,0,0,0,0,0,0,0,0,0,0,0,0,0,0,0,0,0,0,0,0,0,0,0,0,0,0,0,0,17,0,14,0,0,0,0,3,0,1814,1121,2827,8697,4192,18651,190,ccba8131da0acb7d42963d0adb50f331565abfe1f664a81b6313a18773734a9b,FileInfector,commplat
88077,24220,10692,55956,79688,25340,0,30217,25147,5069,128,5,9,6,5,0,40,37,12,47,3,0,5,0,0,0,0,0,0,0,22,0,0,2,0,0,0,0,0,0,0,3,0,0,0,0,0,0,0,0,0,0,0,0,0,0,0,0,0,0,0,0,0,0,0,0,0,1,0,32,35,0,4,0,0,59,32,1,0,0,5,10,0,5,0,0,0,0,0,5,0,0,0,0,0,0,5,0,0,0,0,0,2,0,0,1,0,0,0,0,0,0,0,0,0,0,20,0,0,0,0,0,0,0,0,9,0,1,550855,560,34971,337,4,0,1862,1355,1473,1407,3093,9190,190,2fe783858fa91843427aa38c2742c27c6be959d3b3dc5da29251f006adfd6995,FileInfector,leech
95392,38988,12032,40856,107448,40772,0,26584,21819,4764,31,2,5,1,4,0,29,35,9,38,3,0,1,0,0,0,0,0,0,0,10,0,0,0,0,0,0,0,0,0,0,10,0,0,0,0,0,0,0,0,0,0,0,0,0,0,0,0,0,0,0,0,0,0,0,0,0,0,0,198,188,0,0,0,0,0,0,0,0,0,0,0,0,0,0,10,0,0,0,10,0,0,0,0,0,0,0,0,0,0,0,0,20,0,0,0,0,0,0,0,0,0,0,0,0,0,200,0,0,0,0,0,0,0,0,31,0,10,0,0,0,0,3,0,1473,2130,1617,6384,704,12308,193,6d0f858f9ca805e9d6d562768b21fada4de5f5cf7208be74c98cf4ee8377aca8,FileInfector,tachi
117705,21552,10752,89836,65028,22244,0,37122,27535,9586,7,1,4,1,4,0,30,34,8,34,3,0,1,0,0,0,0,0,0,0,1,0,0,0,0,0,0,0,0,0,0,3,0,0,0,0,0,0,0,0,0,0,0,0,0,0,0,0,0,0,0,0,0,0,0,0,0,0,0,22,21,0,0,0,0,600,300,0,0,0,0,0,0,0,0,1,0,0,0,1,0,0,0,0,0,0,0,0,0,0,0,0,2,0,0,0,0,0,0,0,0,0,0,0,0,0,20,0,0,0,0,0,0,0,0,4,0,1,3061958,2764,163863,2156,3,0,1573,2702,1690,1517,742,8224,190,15b6f54420e289082dfaf6b69ca3e9873994a74708b8180dfca4714497da0436,FileInfector,tachi
41946,1740,10868,34540,74844,1748,0,17883,14220,3662,44,2,6,2,2,0,12,28,4,16,0,0,0,0,0,0,0,0,0,0,0,0,0,0,0,0,0,0,0,0,0,0,0,0,0,0,0,0,0,0,0,0,0,0,0,0,0,0,0,0,0,0,0,0,0,0,0,0,0,0,0,0,4,4,5,2,2,0,0,0,2,0,0,0,0,0,0,1,0,0,0,0,0,0,0,0,0,0,0,0,0,0,0,4,23,0,0,0,0,0,0,0,0,0,0,0,0,0,0,0,0,0,0,0,0,4,0,1,0,0,0,0,4,0,2315,3448,1505,1398,561,9227,190,e05286ea488b99a3fce69aa199730a99900656d1c5c12fbc5d86db4a6eca308e,FileInfector,gudex
116431,42240,10660,59092,95308,43808,0,34559,28160,6398,52,1,6,2,4,0,35,36,9,36,3,0,1,0,0,0,0,0,0,0,1,0,0,0,0,0,0,0,0,0,0,3,0,0,0,0,0,0,0,0,0,0,0,0,0,0,0,0,0,0,0,0,0,0,0,0,1,7,0,23,23,0,6,12,14,148,78,0,0,0,4,0,0,0,0,0,0,2,0,1,0,0,0,0,0,0,0,0,0,0,0,0,2,12,50,0,0,0,0,0,0,0,0,7,0,0,20,0,0,0,0,0,0,0,0,10,0,2,157830,190,19752,190,4,1,2273,2954,2375,922,1478,10002,189,b123f9ad502a18c0cddbdf1c6e437b1161826487f5c803bbec823710ff6b7bce,FileInfector,gudex
49509,5100,10996,34580,81704,7088,0,17284,13892,3391,46,2,5,1,2,0,11,26,2,8,0,0,0,0,0,0,0,0,0,0,0,0,0,0,0,0,0,0,0,0,0,0,0,0,0,0,0,0,0,0,0,0,0,0,0,0,0,0,0,0,0,0,0,0,0,0,0,0,0,8,16,2,4,0,0,0,0,0,0,0,0,0,0,0,0,0,0,0,0,0,0,0,0,0,0,0,0,0,0,0,0,0,0,0,0,0,0,0,0,0,0,0,0,0,0,0,0,0,0,0,0,0,0,0,0,8,0,5,0,0,0,0,3,0,1645,2808,5586,2128,622,12789,188,04886877a8da48d3f4d55df7d4049fb6ac45be7a26a4afedae92817a1c41f02f,FileInfector,commplat
50911,3968,11032,34756,92972,4860,0,17298,14099,3198,46,2,5,1,2,0,10,27,2,10,0,0,0,0,0,0,0,0,0,0,0,0,0,0,0,0,0,0,0,0,0,0,0,0,0,0,0,0,0,0,0,0,0,0,0,0,0,0,0,0,0,0,0,0,0,0,0,0,0,22,44,2,8,0,0,0,0,0,0,0,0,0,0,0,0,0,0,0,0,0,0,0,0,0,0,0,0,0,0,0,0,0,0,0,0,0,0,0,0,0,0,0,0,0,0,0,0,0,0,0,0,0,0,0,0,22,0,17,0,0,0,0,3,0,820,3594,2281,6362,1718,14775,189,0bd7aeb1ffaabd5efcbf1cfd6d13147ca2299e01d778deca171656f6e05a4333,FileInfector,commplat
104210,42716,10836,46412,94064,44520,0,25028,21476,3551,31,2,4,1,4,0,35,35,9,36,3,0,1,0,0,0,0,0,0,0,5,0,0,0,0,0,0,0,0,0,0,12,0,0,0,0,0,0,0,0,0,0,0,0,0,0,0,0,0,0,0,0,0,0,0,0,0,0,0,86,82,0,0,0,0,1136,568,0,0,0,0,0,0,0,0,4,0,0,0,4,0,0,0,0,0,0,0,0,0,0,0,0,8,0,0,0,0,0,0,0,0,0,0,0,0,0,80,0,0,0,0,0,0,0,0,13,0,4,894505,1289,202329,1260,3,0,3137,1506,977,1827,2427,9874,190,bb6fa880d99177091445ac9c99c8399a686fe6f57a67788720ffd35b652d81cf,FileInfector,tachi
45655,6596,12060,29088,90620,6768,0,15500,11787,3712,43,2,4,1,2,0,16,27,5,21,0,0,0,0,0,0,0,0,0,0,0,0,0,0,0,0,0,0,0,0,0,0,0,0,0,0,0,0,0,0,0,0,0,0,0,0,0,0,0,0,0,0,0,0,0,0,0,0,0,6,12,0,22,0,0,0,0,0,0,0,20,0,0,0,0,0,0,10,0,0,0,0,0,0,0,0,69,0,0,0,0,0,0,0,0,0,0,0,0,0,0,0,0,2,0,0,2,0,0,0,0,0,0,0,0,23,0,10,0,0,0,0,4,0,2157,3987,3815,1548,1130,12637,187,c07f57a4265e2000c717e700cd6571ca17ebccc47f9d0f0bdffc18be51e4e9be,FileInfector,<unknown>
103507,38704,10784,52420,100324,40444,0,33490,27695,5794,43,1,7,2,4,0,33,35,8,34,3,0,1,0,0,0,0,0,0,0,2,0,0,0,0,0,0,0,0,0,0,1,0,0,0,0,0,0,0,0,0,0,0,0,0,0,0,0,0,0,0,0,0,0,0,0,1,7,0,23,23,0,8,10,12,8,8,0,0,0,4,0,0,0,0,0,0,2,0,2,0,0,0,0,0,0,0,0,0,0,0,0,2,10,50,0,0,0,0,0,0,0,0,7,0,0,40,0,0,0,0,0,0,0,0,12,0,2,1240957,933,47704,619,4,1,1509,3278,796,2158,2237,9978,190,7999da3feceebdd11327252fad1fd1e749f8c92724cd1100ec7811f314cd27c8,FileInfector,gudex
108850,31148,10684,66568,83676,33272,0,37188,29547,7640,31,2,4,1,4,0,32,35,10,42,3,0,1,0,0,0,0,0,0,0,1,0,0,0,0,0,0,0,0,0,0,3,0,0,0,0,0,0,0,0,0,0,0,0,0,0,0,0,0,0,0,0,0,0,0,0,0,0,0,22,21,0,0,0,0,232,116,0,0,0,0,0,0,0,0,1,0,0,0,1,0,0,0,0,0,0,0,0,0,0,0,0,2,0,0,0,0,0,0,0,0,0,0,0,0,0,22,0,0,0,0,0,0,0,0,4,0,1,2142526,2153,116857,1451,3,0,1513,4442,1871,2718,1055,11599,192,7802410b2737c1bb341dad410b90e754112e8de244b142d9bafff4f989328724,FileInfector,tachi
52558,5328,12628,36164,91144,6584,0,21488,17060,4427,68,3,5,1,2,0,12,28,3,13,0,0,0,0,0,0,0,0,0,0,0,0,0,0,0,0,0,0,0,0,0,0,0,0,0,0,0,0,0,0,0,0,0,0,0,0,0,0,0,0,0,0,0,0,0,0,0,0,0,15,30,0,0,0,0,0,0,0,0,0,0,0,0,0,0,0,0,0,0,0,0,0,0,0,0,0,0,0,0,0,0,0,0,0,0,0,0,0,0,0,0,0,0,0,0,0,0,0,0,0,0,0,0,0,0,15,0,13,0,0,0,0,3,0,7220,1612,2918,729,2040,14519,186,a12017200b5e5ffc2f42a6370c729faabab42f9b76aaea999d55b48774dd1774,FileInfector,commplat
51494,4928,11044,34784,94384,5796,0,17315,14104,3210,46,2,5,1,2,0,10,27,3,12,0,0,0,0,0,0,0,0,0,0,0,0,0,0,0,0,0,0,0,0,0,0,0,0,0,0,0,0,0,0,0,0,0,0,0,0,0,0,0,0,0,0,0,0,0,0,0,0,0,21,42,2,8,0,0,0,0,0,0,0,0,0,0,0,0,0,0,0,0,0,0,0,0,0,0,0,0,0,0,0,0,0,0,0,0,0,0,0,0,0,0,0,0,0,0,0,0,0,0,0,0,0,0,0,0,21,0,16,0,0,0,0,3,0,686,7349,2067,2630,1638,14370,189,c2f3d58459fa87d2b3eacd08058a41f11a9e945f0d3eef94adec46d664752ddb,FileInfector,commplat
48943,5084,11040,34544,90520,6992,0,17301,13903,3397,46,2,5,1,2,0,11,26,2,8,0,0,0,0,0,0,0,0,0,0,0,0,0,0,0,0,0,0,0,0,0,0,0,0,0,0,0,0,0,0,0,0,0,0,0,0,0,0,0,0,0,0,0,0,0,0,0,0,0,16,32,2,6,0,0,0,0,0,0,0,0,0,0,0,0,0,0,0,0,0,0,0,0,0,0,0,0,0,0,0,0,0,0,0,0,0,0,0,0,0,0,0,0,0,0,0,0,0,0,0,0,0,0,0,0,16,0,12,0,0,0,0,3,0,1661,3508,8578,800,2265,16812,191,045e0090435aba1e08186f5380e66ccc11e3abb6df28840a497d96acae8ac673,FileInfector,<unknown>
143138,26920,10524,104792,81340,28248,0,42830,32512,10317,117,1,10,5,4,0,45,45,20,56,3,3,1,0,0,0,0,0,0,0,2,0,2,1,0,0,0,0,0,0,0,3,0,0,0,0,0,0,13,0,36,0,0,0,3,0,2,2,15,33,0,0,3,0,5,0,0,4,0,36,49,4,10,7,7,289,149,5,2,4,3,6,9,1,0,0,0,0,0,8,0,0,0,0,0,0,14,0,13,0,8,0,2,0,0,2,2,4,2,0,0,2,0,0,0,36,42,0,1,2,0,0,0,0,0,14,4,1,1536974,1285,64293,902,6,2,1835,1732,852,2824,2833,10076,189,1ed968637fa190cc95aa94a17b25adbbc0f794de177cd857a12cebaa8917d29f,FileInfector,leech
25502,0,9012,21640,52948,4,0,6576,5237,1338,0,0,4,0,2,0,3,24,5,20,0,0,0,0,0,0,0,0,0,0,0,0,0,0,0,0,0,0,0,0,0,0,0,0,2,0,0,0,0,0,0,0,0,0,0,0,0,0,0,0,0,0,0,0,0,0,0,1,0,0,0,0,0,2,1,15,13,8,0,0,1,4,1,5,0,0,0,0,0,0,0,0,0,0,0,0,3,0,2,0,0,0,1,0,0,1,0,0,0,1,0,0,0,0,0,0,0,0,0,0,0,0,0,0,0,2,0,1,2374,11,2541,23,4,0,1361,1512,470,4688,1437,9468,193,64424a7c5f0d8e1c5d64c4c6fa9bdc2987dbdcf1bafdb6f45df9e783712c5187,FileInfector,leech
66780,3912,10556,55008,90540,4152,0,25946,20228,5717,171,5,8,5,2,0,19,35,5,22,0,1,0,0,0,0,0,0,0,0,0,0,0,0,0,0,0,0,0,0,0,2,0,0,0,0,0,0,1,0,7,0,0,0,1,0,0,0,0,6,0,0,1,0,0,0,0,2,0,14,28,0,8,2,0,42,197,0,0,0,2,4,0,0,0,0,0,0,0,0,0,0,0,0,0,0,6,0,3,0,0,0,0,0,0,2,0,0,0,0,0,0,0,0,0,12,8,0,0,0,0,0,0,0,0,7,0,1,7533,27,4719,31,4,0,467,2067,1517,2431,3024,9506,188,d0337d3b1b33ce0d616afad61c1f2842ff9ac1262b382865b437b1a98501843b,FileInfector,leech
115597,24356,10764,83536,74808,25188,0,37685,25802,11882,7,1,4,1,4,0,31,35,15,43,4,0,1,0,0,0,0,0,0,0,2,0,0,0,0,0,0,0,0,0,0,3,0,0,0,0,0,0,0,0,0,0,0,0,0,0,0,0,0,0,0,0,0,0,0,0,0,0,0,36,35,0,0,0,0,368,184,0,0,0,0,0,0,0,0,2,0,0,0,2,0,0,0,0,0,0,0,0,0,0,0,0,2,0,0,0,0,0,0,0,0,0,0,0,0,0,40,0,0,0,0,0,0,0,0,5,0,1,2620661,2639,202723,2151,3,0,10145,906,1883,1524,2146,16604,188,fcadab688ee27e639cd49d88e166ded905101dc34b4aed30d9e1fe6b54a2e7d5,FileInfector,tachi
47790,3576,10880,34556,93868,4072,0,17300,13983,3316,46,2,5,1,2,0,10,26,2,10,0,0,0,0,0,0,0,0,0,0,0,0,0,0,0,0,0,0,0,0,0,0,0,0,0,0,0,0,0,0,0,0,0,0,0,0,0,0,0,0,0,0,0,0,0,0,0,0,0,6,12,2,4,0,0,0,0,0,0,0,0,0,0,0,0,0,0,0,0,0,0,0,0,0,0,0,0,0,0,0,0,0,0,0,0,0,0,0,0,0,0,0,0,0,0,0,0,0,0,0,0,0,0,0,0,6,0,3,0,0,0,0,3,0,1559,2396,1024,2837,2298,10114,189,2ef21c5b40e10e706023f51623b559fd87f4fe5380b9084d5ef57af7ccdad160,FileInfector,commplat
46619,6596,12068,29144,86612,6776,0,15512,11916,3595,43,2,4,1,2,0,16,27,5,21,0,0,0,0,0,0,0,0,0,0,0,0,0,0,0,0,0,0,0,0,0,0,0,0,0,0,0,0,0,0,0,0,0,0,0,0,0,0,0,0,0,0,0,0,0,0,0,0,0,6,12,0,20,0,0,0,0,0,0,0,18,0,0,0,0,0,0,9,0,0,0,0,0,0,0,0,61,0,0,0,0,0,0,0,0,0,0,0,0,0,0,0,0,4,0,0,0,0,0,0,0,0,0,0,0,20,0,9,0,0,0,0,4,0,1530,2224,3255,932,6551,14492,188,7497545ee1eea54a2ad923ddace43157df97fee07aee95daf8c9772eecafcbb4,FileInfector,gudex
46170,4884,10700,33584,89852,4976,0,23970,14939,9030,64,5,9,5,2,0,13,33,5,20,0,0,0,0,0,0,0,0,0,0,0,0,0,0,0,0,0,0,0,0,0,0,0,0,0,0,0,0,0,0,0,0,0,0,0,0,0,0,0,0,0,0,0,0,0,0,0,3,0,1,2,0,16,0,0,0,0,0,0,0,0,0,0,0,0,0,0,0,0,0,0,0,0,0,0,0,3,0,0,0,0,0,0,0,0,0,0,0,0,0,0,0,0,0,0,0,0,0,0,0,0,0,0,0,0,11,0,1,1422,12,1425,15,4,1,2968,2083,2537,1511,689,9788,187,9814c44a5340e4bbbb847a2b66ef2d31a5ab428dc862e6294f2e04ed98e94582,FileInfector,leech
49803,4656,11020,34600,90536,6636,0,17302,14057,3244,46,2,5,1,2,0,11,27,2,8,0,0,0,0,0,0,0,0,0,0,0,0,0,0,0,0,0,0,0,0,0,0,0,0,0,0,0,0,0,0,0,0,0,0,0,0,0,0,0,0,0,0,0,0,0,0,0,0,0,11,22,2,4,0,0,0,0,0,0,0,0,0,0,0,0,0,0,0,0,0,0,0,0,0,0,0,0,0,0,0,0,0,0,0,0,0,0,0,0,0,0,0,0,0,0,0,0,0,0,0,0,0,0,0,0,11,0,7,0,0,0,0,3,0,4348,3022,1649,1300,3074,13393,187,ca30c61bc18c84b9b7d6a9f87b879a38d8ce120fb3c17eac28ad0e0eb71341e8,FileInfector,commplat
92519,26888,11268,57716,75200,28104,0,31722,25577,6144,7,1,4,1,4,0,34,34,10,42,3,0,1,0,0,0,0,0,0,0,1,0,0,0,0,0,0,0,0,0,0,3,0,0,0,0,0,0,0,0,0,0,0,0,0,0,0,0,0,0,0,0,0,0,0,0,0,0,0,22,21,0,0,0,0,140,70,0,0,0,0,0,0,0,0,1,0,0,0,1,0,0,0,0,0,0,0,0,0,0,0,0,2,0,0,0,0,0,0,0,0,0,0,0,0,0,20,0,0,0,0,0,0,0,0,4,0,1,813674,867,66548,668,3,0,1012,2210,1510,2817,1673,9222,193,0e72717e6867bbc0b8c6e90dc559ecb405bb1510010c83e00719a7c9088c1987,FileInfector,tachi
109784,22552,10724,80188,70480,23532,0,41531,28959,12571,7,1,4,1,4,0,33,35,10,37,4,0,1,0,0,0,0,0,0,0,2,0,0,0,0,0,0,0,0,0,0,3,0,0,0,0,0,0,0,0,0,0,0,0,0,0,0,0,0,0,0,0,0,0,0,0,0,0,0,24,23,0,0,0,0,328,164,0,0,0,0,0,0,0,0,2,0,0,0,2,0,0,0,0,0,0,0,0,0,0,0,0,2,0,0,0,0,0,0,0,0,0,0,0,0,0,40,0,0,0,0,0,0,0,0,5,0,1,2413752,2431,237322,1578,3,0,2742,1530,1994,921,2532,9719,188,2c0e30eefe616e976ccb97fa845f8c1f0d20499c35f8c5ef1d2974b7a29f4229,FileInfector,tachi
53523,6072,11288,36300,84364,9868,0,22655,17376,5278,28,2,5,1,2,0,9,26,2,10,0,0,0,0,0,0,0,0,0,0,0,0,0,0,0,0,0,0,0,0,0,0,0,0,0,0,0,0,0,0,0,0,0,0,0,0,0,0,0,0,0,0,0,0,0,0,0,0,0,0,0,0,0,0,0,0,0,0,0,0,0,0,0,0,0,0,0,0,0,0,0,0,0,0,0,0,0,0,0,0,0,0,0,0,0,0,0,0,0,0,0,0,0,0,0,0,0,0,0,0,0,0,0,0,0,11,0,11,0,0,0,0,4,0,951,4291,3102,1993,3045,13382,186,69bc8feb5b1a4c0724202dd6876a5a02193254cf584824a52761f831d6524fd8,FileInfector,commplat
53023,4236,11016,36604,93460,5036,0,17547,14590,2956,92,4,6,2,2,0,15,29,3,12,0,0,0,0,0,0,0,0,0,0,0,0,0,0,0,0,0,0,0,0,0,0,0,0,0,0,0,0,0,0,0,0,0,0,0,0,0,0,0,0,0,0,0,0,0,0,0,0,0,13,26,2,6,0,0,0,0,0,0,0,0,0,0,0,0,0,0,0,0,0,0,0,0,0,0,0,0,0,0,0,0,0,0,0,0,0,0,0,0,0,0,0,0,0,0,0,0,0,0,0,0,0,0,0,0,13,0,9,0,0,0,0,3,0,1960,581,6158,1638,2414,12751,186,eed2b95fd094eebcd947b3fbf533b1efa8cc4453a598370ee54b9ba6663b6002,FileInfector,commplat
95825,31680,10716,52180,99212,33308,0,33638,26309,7328,43,1,6,2,4,0,31,35,8,34,3,0,1,0,0,0,0,0,0,0,1,1,0,0,0,0,0,0,0,0,0,3,0,0,0,0,0,0,0,0,0,0,0,0,0,0,0,0,0,0,0,0,0,0,0,0,1,3,0,23,23,0,6,10,12,52,30,0,0,0,4,0,0,0,0,0,0,2,0,1,0,0,0,0,0,0,0,0,0,0,0,0,2,10,50,0,0,0,0,0,0,0,0,3,0,0,20,0,0,0,0,0,0,0,0,10,0,2,4342438,3425,133534,2175,4,1,2569,3604,895,1504,2410,10982,189,26bc56aaed350d07d87662e119065f49e76926b195d90987f7e1748c6db63731,FileInfector,gudex
67769,20724,10732,40040,84592,22028,0,26647,21558,5088,31,2,5,1,4,0,28,35,9,36,3,0,1,0,0,0,0,0,0,0,1,0,0,0,0,0,0,0,0,0,0,1,0,0,0,0,0,0,0,0,0,0,0,0,0,0,0,0,0,0,0,0,0,0,0,0,0,0,0,20,19,0,0,0,0,0,0,0,0,0,0,0,0,0,0,1,0,0,0,1,0,0,0,0,0,0,0,0,0,0,0,0,2,0,0,0,0,0,0,0,0,0,0,0,0,0,20,0,0,0,0,0,0,0,0,4,0,1,0,0,0,0,3,0,1368,2041,666,1528,2686,8289,191,117c52c50ad6305bf4fd520052d380110338d324687183f139343c26551efd42,FileInfector,tachi
47315,4764,10704,38556,73900,5268,0,23070,21101,1968,7,1,5,1,4,0,26,33,9,36,3,0,1,0,0,0,0,0,0,0,1,0,0,0,0,0,0,0,0,0,0,1,0,0,0,0,0,0,0,0,0,0,0,0,0,0,0,0,0,0,0,0,0,0,0,0,0,0,0,18,17,0,0,0,0,0,0,0,0,0,0,0,0,0,0,1,0,0,0,1,0,0,0,0,0,0,0,0,0,0,0,0,2,0,0,0,0,0,0,0,0,0,0,0,0,0,20,0,0,0,0,0,0,0,0,4,0,1,0,0,0,0,3,0,1531,1845,2640,2521,768,9305,190,73f9381d486db7a110f93224685cad71b66e8b882790b24c78f0d3120c110b8a,FileInfector,<unknown>
57081,888,10928,49772,87544,904,0,29224,23420,5803,1136,51,14,10,2,0,56,37,4,16,0,0,0,0,0,0,0,0,0,0,0,0,0,0,0,0,0,0,0,0,0,0,0,0,0,0,0,0,0,0,0,0,0,0,0,0,0,0,0,0,0,0,0,0,0,0,0,0,0,7,20,2,16,0,0,0,0,0,0,0,0,0,0,0,0,0,0,0,0,0,0,0,0,0,0,0,0,0,0,0,0,0,0,0,0,0,0,0,0,0,0,0,0,0,0,0,0,0,0,0,0,0,0,0,0,10,0,1,0,0,0,0,3,0,696,1672,2158,2526,3168,10220,191,a91a53314ce3b497ec425f06436fdf423429ee54aa570805499a2742e9151ac5,FileInfector,commplat
53152,1396,11064,45728,80724,1408,0,31327,25236,6090,786,36,7,3,2,0,81,30,4,16,0,0,0,0,0,0,0,0,0,0,0,0,0,0,0,0,0,0,0,0,0,0,0,0,0,0,0,0,0,0,0,0,0,0,0,0,0,0,0,0,0,0,0,0,0,0,0,0,0,3,6,0,0,0,0,0,0,0,0,0,0,0,0,0,0,0,0,0,0,0,0,0,0,0,0,0,0,0,0,0,0,0,0,0,0,0,0,0,0,0,0,0,0,0,0,0,0,0,0,0,0,0,0,0,0,3,0,1,0,0,0,0,3,0,2348,2375,2098,768,1496,9085,191,0c3b755e878c49ddc766a9542b80514601caf45049ef629fdf4d49ead95658a5,FileInfector,commplat
49717,4484,11032,34768,93944,5208,0,17315,14028,3286,46,2,5,1,2,0,10,26,3,12,0,0,0,0,0,0,0,0,0,0,0,0,0,0,0,0,0,0,0,0,0,0,0,0,0,0,0,0,0,0,0,0,0,0,0,0,0,0,0,0,0,0,0,0,0,0,0,0,0,14,28,2,6,0,0,0,0,0,0,0,0,0,0,0,0,0,0,0,0,0,0,0,0,0,0,0,0,0,0,0,0,0,0,0,0,0,0,0,0,0,0,0,0,0,0,0,0,0,0,0,0,0,0,0,0,15,0,11,0,0,0,0,3,0,1726,4377,2474,903,3482,12962,188,99de4a53e340c1e7aa56f2a62b9236d0bcf5fef853335e3841041a5e75a766cb,FileInfector,commplat
39792,5816,10960,26448,90168,5828,0,12120,10882,1237,10,0,6,1,1,0,9,27,4,16,0,0,0,0,0,0,0,0,0,0,0,0,0,0,0,0,0,0,0,0,0,0,0,0,0,0,0,0,0,0,0,0,0,0,0,0,0,0,0,0,0,0,0,0,0,0,0,10,0,0,0,1,0,0,0,0,0,0,0,0,0,0,0,0,0,0,0,0,0,0,0,0,0,0,0,0,0,0,0,0,0,0,0,0,0,0,0,0,0,0,0,0,0,0,0,0,0,0,0,0,0,0,0,0,0,8,0,7,0,0,0,0,4,1,4167,1503,960,2322,2613,11565,186,d28ef103387fea45d89258c78f765c12013b4ba8967477d0b556a27a3cfd0e01,FileInfector,leech
48733,3640,11040,34696,85520,4200,0,17311,14099,3211,46,2,5,1,2,0,11,27,2,10,0,0,0,0,0,0,0,0,0,0,0,0,0,0,0,0,0,0,0,0,0,0,0,0,0,0,0,0,0,0,0,0,0,0,0,0,0,0,0,0,0,0,0,0,0,0,0,0,0,9,18,2,4,0,0,0,0,0,0,0,0,0,0,0,0,0,0,0,0,0,0,0,0,0,0,0,0,0,0,0,0,0,0,0,0,0,0,0,0,0,0,0,0,0,0,0,0,0,0,0,0,0,0,0,0,9,0,6,0,0,0,0,3,0,726,4105,2226,2396,1683,11136,189,a8cc409fefa1e6581375f998c872100310f316884fdeae882b6d0088e733ea2f,FileInfector,commplat
95432,40240,10860,39744,106236,41868,0,26623,21953,4669,31,2,5,1,4,0,32,35,9,38,3,0,1,0,0,0,0,0,0,0,10,0,0,0,0,0,0,0,0,0,0,8,0,0,0,0,0,0,0,0,0,0,0,0,0,0,0,0,0,0,0,0,0,0,0,0,0,0,0,160,152,0,0,0,0,0,0,0,0,0,0,0,0,0,0,8,0,0,0,8,0,0,0,0,0,0,0,0,0,0,0,0,16,0,0,0,0,0,0,0,0,0,0,0,0,0,160,0,0,0,0,0,0,0,0,27,0,9,28803,193,36121,259,3,0,1062,2894,1516,5557,2485,13514,188,0c7fd8816d2ee9765b1036653f04a9d733b0dc93296d978811f448a28bb0fa98,FileInfector,tachi
109438,10036,8252,81712,89104,10364,0,38751,29267,9483,89,1,9,3,5,0,48,43,23,64,3,4,1,0,0,0,42,14,0,0,2,0,3,2,0,0,0,0,0,0,0,7,2,19,0,0,0,0,23,0,60,0,0,0,12,0,2,2,22,48,0,0,12,0,14,0,0,8,0,58,72,11,4,75,131,549,301,10,18,4,6,8,10,14,0,0,0,5,0,14,0,0,0,0,0,0,40,0,20,0,20,0,4,0,0,10,122,5,3,0,0,5,0,0,0,56,74,0,1,0,0,0,0,0,0,23,6,2,2018140,1785,108183,1322,6,3,1032,1574,2167,2256,2245,9274,189,b7ec959d8807a968a8583ec4bab6a01c32263d95e0c7218651414f3c4e73c182,FileInfector,<unknown>
105005,35080,10720,57976,87632,36676,0,36595,28241,8353,77,1,7,3,4,0,33,47,9,36,3,0,1,0,0,0,0,0,0,0,2,0,0,0,0,0,0,0,0,0,0,3,0,0,0,0,0,0,0,0,0,0,0,0,0,0,0,0,0,0,0,0,0,0,0,0,1,10,0,23,23,0,4,6,7,110,58,0,0,0,2,0,0,0,0,0,0,1,0,1,0,0,0,0,0,0,0,0,0,0,0,0,2,6,27,0,0,0,0,0,0,0,0,10,0,0,20,0,0,0,0,0,0,0,0,8,0,1,4806627,4636,162278,2584,4,1,2635,1510,1003,1720,2218,9086,194,1eb69dfdb734ebb373b2f768e9c0ccf158789f3876446c60106b745e9c9b7fd0,FileInfector,gudex
49916,4544,11036,34784,94416,5544,0,17298,14077,3220,46,2,5,1,2,0,10,27,3,12,0,0,0,0,0,0,0,0,0,0,0,0,0,0,0,0,0,0,0,0,0,0,0,0,0,0,0,0,0,0,0,0,0,0,0,0,0,0,0,0,0,0,0,0,0,0,0,0,0,22,44,2,8,0,0,0,0,0,0,0,0,0,0,0,0,0,0,0,0,0,0,0,0,0,0,0,0,0,0,0,0,0,0,0,0,0,0,0,0,0,0,0,0,0,0,0,0,0,0,0,0,0,0,0,0,22,0,17,0,0,0,0,3,0,579,1905,2525,1617,7136,13762,190,5ba3a6bfe0d1d94b38090931f5aa09d781690e8642a4c5830becfc10bc1ff422,FileInfector,commplat
90384,39556,10820,38696,98036,41344,0,24521,19928,4592,31,2,5,1,4,0,34,36,8,34,4,0,1,0,0,0,0,0,0,0,9,0,0,0,0,0,0,0,0,0,0,7,0,0,0,0,0,0,0,0,0,0,0,0,0,0,0,0,0,0,0,0,0,0,0,0,0,0,0,138,131,0,0,0,0,0,0,0,0,0,0,0,0,0,0,7,0,0,0,7,0,0,0,0,0,0,0,0,0,0,0,0,14,0,0,0,0,0,0,0,0,0,0,0,0,0,140,0,0,0,0,0,0,0,0,22,0,7,950265,849,40917,635,3,0,879,3269,2569,1512,2090,10319,190,ac40959ea1c6e057460ba8791a018a12539949abd553a09aeea9605d131d587d,FileInfector,tachi
48068,3744,11108,34504,92768,4560,0,17301,13985,3315,46,2,5,1,2,0,11,26,2,10,0,0,0,0,0,0,0,0,0,0,0,0,0,0,0,0,0,0,0,0,0,0,0,0,0,0,0,0,0,0,0,0,0,0,0,0,0,0,0,0,0,0,0,0,0,0,0,0,0,16,32,2,8,0,0,0,0,0,0,0,0,0,0,0,0,0,0,0,0,0,0,0,0,0,0,0,0,0,0,0,0,0,0,0,0,0,0,0,0,0,0,0,0,0,0,0,0,0,0,0,0,0,0,0,0,16,0,11,0,0,0,0,3,0,1692,2053,3269,6707,820,14541,187,bcf10f086fc51d98b606a06f939263c80d82f9305be2501b543404a221991eb3,FileInfector,commplat
95782,39888,11916,40612,104392,41708,0,24558,20081,4476,31,2,5,1,4,0,33,35,9,36,3,0,1,0,0,0,0,0,0,0,7,0,0,0,0,0,0,0,0,0,0,7,0,0,0,0,0,0,0,0,0,0,0,0,0,0,0,0,0,0,0,0,0,0,0,0,0,0,0,138,131,0,0,0,0,0,0,0,0,0,0,0,0,0,0,7,0,0,0,7,0,0,0,0,0,0,0,0,0,0,0,0,14,0,0,0,0,0,0,0,0,0,0,0,0,0,140,0,0,0,0,0,0,0,0,22,0,7,0,0,0,0,3,0,2216,967,5387,1498,2845,12913,188,0e1b9d15282bf4c96b8a570e8d6e63b650e289cd0efb1b2dc0509b84b6240791,FileInfector,tachi
107815,42848,10676,49508,96568,44572,0,27024,22718,4305,31,2,4,1,4,0,35,35,10,40,3,0,1,0,0,0,0,0,0,0,6,0,0,0,0,0,0,0,0,0,0,9,0,0,0,0,0,0,0,0,0,0,0,0,0,0,0,0,0,0,0,0,0,0,0,0,0,0,0,66,63,0,0,0,0,132,66,0,0,0,0,0,0,0,0,6,0,0,0,6,0,0,0,0,0,0,0,0,0,0,0,0,6,0,0,0,0,0,0,0,0,0,0,0,0,0,120,0,0,0,0,0,0,0,0,13,0,3,26563,46,5532,67,4,0,2063,2476,1502,1899,1300,9240,186,9b41b1cf811e0191650783b2056146a24f6c1eec150daa0ea0924f6ac99cc2ee,FileInfector,tachi
51582,4632,11260,35844,93664,5500,0,21472,18548,2923,68,3,5,1,2,0,12,27,2,10,0,0,0,0,0,0,0,0,0,0,0,0,0,0,0,0,0,0,0,0,0,0,0,0,0,0,0,0,0,0,0,0,0,0,0,0,0,0,0,0,0,0,0,0,0,0,0,0,0,12,24,2,4,0,0,0,0,0,0,0,0,0,0,0,0,0,0,0,0,0,0,0,0,0,0,0,0,0,0,0,0,0,0,0,0,0,0,0,0,0,0,0,0,0,0,0,0,0,0,0,0,0,0,0,0,12,0,9,0,0,0,0,3,0,2246,6300,2015,628,1608,12797,190,00e4d82f3e53a102b1d8e915297e7a1a6d62c91892a4a066eefacc39a5274df1,FileInfector,commplat
155187,24056,10700,120284,79496,25084,0,43344,32270,11073,84,1,8,3,4,0,44,42,15,54,3,3,1,0,0,0,0,0,0,0,2,0,3,1,0,0,0,0,0,0,0,3,0,0,0,0,0,0,12,0,30,0,0,0,2,0,0,0,15,28,0,0,2,0,5,0,0,4,0,34,41,4,6,7,7,545,277,5,2,4,3,6,6,1,0,0,0,0,0,8,0,0,0,0,0,0,11,0,10,0,8,0,2,0,0,2,2,5,3,0,0,2,0,0,0,26,37,0,0,2,0,0,0,0,0,11,4,1,3502033,3227,207183,2286,7,2,3069,1478,1833,2743,1657,10780,194,ac225b8a4856b36fa145f72cfca06d54e6fa3bde9df2415ce14c1322eeec975e,FileInfector,leech
50324,4672,11024,34736,93360,5696,0,17312,14035,3276,46,2,5,1,2,0,10,26,3,12,0,0,0,0,0,0,0,0,0,0,0,0,0,0,0,0,0,0,0,0,0,0,0,0,0,0,0,0,0,0,0,0,0,0,0,0,0,0,0,0,0,0,0,0,0,0,0,0,0,13,26,2,6,0,0,0,0,0,0,0,0,0,0,0,0,0,0,0,0,0,0,0,0,0,0,0,0,0,0,0,0,0,0,0,0,0,0,0,0,0,0,0,0,0,0,0,0,0,0,0,0,0,0,0,0,13,0,9,0,0,0,0,3,0,6105,1653,2327,663,2251,12999,186,bcfd32c98a669b7c88d8da6ced948644f83b7c01126ab48714397646391c3b21,FileInfector,commplat
46832,3088,11024,33804,96444,3876,0,15385,11829,3555,66,3,6,2,2,0,14,29,3,14,0,0,0,0,0,0,0,0,0,0,0,0,0,0,0,0,0,0,0,0,0,0,0,0,0,0,0,0,0,0,0,0,0,0,0,0,0,0,0,0,0,0,0,0,0,0,0,0,0,21,42,2,8,0,0,0,0,0,0,0,0,0,0,0,0,0,0,0,0,0,0,0,0,0,0,0,0,0,0,0,0,0,0,0,0,0,0,0,0,0,0,0,0,0,0,0,0,0,0,0,0,0,0,0,0,21,0,16,0,0,0,0,3,0,1632,865,2119,7686,2880,15182,193,d385d8462689f7fcbdedb15f6c322d2e863907c6454df34b2c1f1160ac4e6cbe,FileInfector,commplat
107290,25212,10748,74860,78404,26436,0,35149,26475,8673,7,1,4,1,4,0,31,34,8,34,3,0,1,0,0,0,0,0,0,0,2,0,0,0,0,0,0,0,0,0,0,3,0,0,0,0,0,0,0,0,0,0,0,0,0,0,0,0,0,0,0,0,0,0,0,0,0,0,0,22,21,0,0,0,0,312,156,0,0,0,0,0,0,0,0,2,0,0,0,2,0,0,0,0,0,0,0,0,0,0,0,0,2,0,0,0,0,0,0,0,0,0,0,0,0,0,40,0,0,0,0,0,0,0,0,5,0,1,1543013,1458,102455,1037,3,0,2678,3320,1951,1505,831,10285,187,cea4064f6a5115be6f7927da2ed96a597a8e9fd261b7d64db8c32f4f4c6cc3c4,FileInfector,tachi
49608,4664,10988,34844,84380,5624,0,17314,14085,3228,46,2,5,1,2,0,10,26,3,12,0,0,0,0,0,0,0,0,0,0,0,0,0,0,0,0,0,0,0,0,0,0,0,0,0,0,0,0,0,0,0,0,0,0,0,0,0,0,0,0,0,0,0,0,0,0,0,0,0,15,30,2,6,0,0,0,0,0,0,0,0,0,0,0,0,0,0,0,0,0,0,0,0,0,0,0,0,0,0,0,0,0,0,0,0,0,0,0,0,0,0,0,0,0,0,0,0,0,0,0,0,0,0,0,0,15,0,10,0,0,0,0,3,0,5697,690,2847,2124,1645,13003,188,0ab54f58ed564976231eb4c6a023718bb3f9bb683d0888a0f8361d7f06ee58cd,FileInfector,commplat
49888,4492,10996,34460,91524,5444,0,17300,13872,3427,46,2,5,1,2,0,11,26,1,6,0,0,0,0,0,0,0,0,0,0,0,0,0,0,0,0,0,0,0,0,0,0,0,0,0,0,0,0,0,0,0,0,0,0,0,0,0,0,0,0,0,0,0,0,0,0,0,0,0,16,32,2,8,0,0,0,0,0,0,0,0,0,0,0,0,0,0,0,0,0,0,0,0,0,0,0,0,0,0,0,0,0,0,0,0,0,0,0,0,0,0,0,0,0,0,0,0,0,0,0,0,0,0,0,0,16,0,11,0,0,0,0,3,0,3707,3238,1766,831,2441,11983,188,c03e9825ef818b8ad2aca5231a8f529c335ad29ba1722f9de203467b175bac4e,FileInfector,<unknown>
99839,44708,11864,41608,93992,46452,0,26659,21867,4791,31,2,5,1,4,0,30,34,9,38,3,0,1,0,0,0,0,0,0,0,3,0,0,0,0,0,0,0,0,0,0,3,0,0,0,0,0,0,0,0,0,0,0,0,0,0,0,0,0,0,0,0,0,0,0,0,0,0,0,60,57,0,0,0,0,0,0,0,0,0,0,0,0,0,0,3,0,0,0,3,0,0,0,0,0,0,0,0,0,0,0,0,6,0,0,0,0,0,0,0,0,0,0,0,0,0,60,0,0,0,0,0,0,0,0,10,0,3,0,0,0,0,3,0,2315,1514,1928,2663,749,9169,192,1e0946bd0e1c3a939d534eecf6520c58935667e72a3c10ea35ae7b1a8f48b917,FileInfector,tachi
46909,3820,12292,33144,89748,5216,0,19360,14879,4480,46,2,5,1,2,0,11,27,2,8,0,0,0,0,0,0,0,0,0,0,0,0,0,0,0,0,0,0,0,0,0,0,0,0,0,0,0,0,0,0,0,0,0,0,0,0,0,0,0,0,0,0,0,0,0,0,0,0,0,9,18,0,0,0,0,0,0,0,0,0,0,0,0,0,0,0,0,0,0,0,0,0,0,0,0,0,0,0,0,0,0,0,0,0,0,0,0,0,0,0,0,0,0,0,0,0,0,0,0,0,0,0,0,0,0,9,0,7,0,0,0,0,3,0,2949,2034,5991,535,1616,13125,188,faab6e5911198bb972acaf1494fa72245ace814baac1e4d6f37785731292ddb3,FileInfector,commplat
49136,4552,10980,34788,93844,5588,0,17315,14124,3190,46,2,5,1,2,0,10,27,2,10,0,0,0,0,0,0,0,0,0,0,0,0,0,0,0,0,0,0,0,0,0,0,0,0,0,0,0,0,0,0,0,0,0,0,0,0,0,0,0,0,0,0,0,0,0,0,0,0,0,20,40,2,8,0,0,0,0,0,0,0,0,0,0,0,0,0,0,0,0,0,0,0,0,0,0,0,0,0,0,0,0,0,0,0,0,0,0,0,0,0,0,0,0,0,0,0,0,0,0,0,0,0,0,0,0,20,0,15,0,0,0,0,3,0,10477,680,2836,1607,2312,17912,193,009659268df40f46664f7bdab5a6b35092902b1998e2fdc708efca7ac6d7e0da,FileInfector,commplat
95023,40496,10772,42852,95828,42112,0,24747,21551,3195,31,2,5,1,4,0,38,36,9,38,4,0,1,0,0,0,0,0,0,0,14,0,0,0,0,0,0,0,0,0,0,7,0,0,0,0,0,0,0,0,0,0,0,0,0,0,0,0,0,0,0,0,0,0,0,0,0,0,0,138,131,0,0,0,0,0,0,0,0,0,0,0,0,0,0,14,0,0,0,14,0,0,0,0,0,0,0,0,0,0,0,0,14,0,0,0,0,0,0,0,0,0,0,0,0,0,280,0,0,0,0,0,0,0,0,29,0,7,0,0,0,0,3,0,3503,829,1468,3058,2006,10864,192,c7613a2b6040e19dcf5dbdde41f66870e6ffdb018863da4642addcab8196122d,FileInfector,tachi
51544,1012,10840,44436,90312,1024,0,24083,19539,4543,444,18,15,11,2,0,30,37,5,20,0,0,0,0,0,0,0,0,0,0,0,0,0,0,0,0,0,0,0,0,0,0,0,0,0,0,0,0,0,0,0,0,0,0,0,0,0,0,0,0,0,0,0,0,0,0,0,0,0,7,22,2,20,0,0,0,0,0,0,0,0,0,0,0,0,0,0,0,0,0,0,0,0,0,0,0,0,0,0,0,0,0,0,0,0,0,0,0,0,0,0,0,0,0,0,0,0,0,0,0,0,0,0,0,0,11,0,1,0,0,0,0,3,0,2406,612,3386,2341,1648,10393,191,90e02bcf846a6985c97c0a2881decb58b16a0ae289e571f57167e7818a77a8c5,FileInfector,commplat
119859,24416,10780,87844,84692,25716,0,37280,27323,9956,7,1,4,1,4,0,31,35,10,42,3,0,1,0,0,0,0,0,0,0,1,0,0,0,0,0,0,0,0,0,0,3,0,0,0,0,0,0,0,0,0,0,0,0,0,0,0,0,0,0,0,0,0,0,0,0,0,0,0,22,21,0,0,0,0,628,314,0,0,0,0,0,0,0,0,1,0,0,0,1,0,0,0,0,0,0,0,0,0,0,0,0,2,0,0,0,0,0,0,0,0,0,0,0,0,0,20,0,0,0,0,0,0,0,0,4,0,1,3472399,3763,304827,2831,4,0,2934,1941,1512,1339,3231,10957,190,6b15dfe1de93c504d53b2f0f9f8ccd91e1a908d409075e8c29d6c5fdde233a20,FileInfector,tachi
52365,6588,10896,34728,81600,9736,0,16302,14222,2079,46,2,5,1,2,0,9,27,3,14,0,0,0,0,0,0,0,0,0,0,0,0,0,0,0,0,0,0,0,0,0,0,0,0,0,0,0,0,0,0,0,0,0,0,0,0,0,0,0,0,0,0,0,0,0,0,0,0,0,8,16,2,4,0,0,0,0,0,0,0,0,0,0,0,0,0,0,0,0,0,0,0,0,0,0,0,0,0,0,0,0,0,0,0,0,0,0,0,0,0,0,0,0,0,0,0,0,0,0,0,0,0,0,0,0,8,0,5,0,0,0,0,3,0,2405,8343,1633,612,2049,15042,191,cd87b5a16038183ea2eb253831cd187c3cc66dde7e3b1a748a0da7233733777d,FileInfector,commplat
96235,40364,12104,38432,100068,42084,0,24493,19771,4721,31,2,5,1,4,0,31,35,8,34,4,0,1,0,0,0,0,0,0,0,7,0,0,0,0,0,0,0,0,0,0,7,0,0,0,0,0,0,0,0,0,0,0,0,0,0,0,0,0,0,0,0,0,0,0,0,0,0,0,138,131,0,0,0,0,0,0,0,0,0,0,0,0,0,0,7,0,0,0,7,0,0,0,0,0,0,0,0,0,0,0,0,14,0,0,0,0,0,0,0,0,0,0,0,0,0,140,0,0,0,0,0,0,0,0,22,0,7,3026,29,5116,35,3,0,4286,955,1513,2146,2713,11613,189,8c78f3993099f5d4ffee6244bb3dd53d50320f369c0d8395578787d267f8e826,FileInfector,tachi
49345,5808,10928,33548,91820,6352,0,16281,14045,2235,46,2,5,1,2,0,10,26,3,14,0,0,0,0,0,0,0,0,0,0,0,0,0,0,0,0,0,0,0,0,0,0,0,0,0,0,0,0,0,0,0,0,0,0,0,0,0,0,0,0,0,0,0,0,0,0,0,0,0,8,16,2,2,0,0,0,0,0,0,0,0,0,0,0,0,0,0,0,0,0,0,0,0,0,0,0,0,0,0,0,0,0,0,0,0,0,0,0,0,0,0,0,0,0,0,0,0,0,0,0,0,0,0,0,0,8,0,6,0,0,0,0,3,0,1655,2422,2458,2506,804,9845,192,64049466f3451b5476d6836afb9b6c671c6f6901788065b74269c30aacbe3d20,FileInfector,commplat
47138,3264,12324,32636,92212,4628,0,19371,14889,4481,46,2,5,1,2,0,10,27,3,12,0,0,0,0,0,0,0,0,0,0,0,0,0,0,0,0,0,0,0,0,0,0,0,0,0,0,0,0,0,0,0,0,0,0,0,0,0,0,0,0,0,0,0,0,0,0,0,0,0,8,16,0,0,0,0,0,0,0,0,0,0,0,0,0,0,0,0,0,0,0,0,0,0,0,0,0,0,0,0,0,0,0,0,0,0,0,0,0,0,0,0,0,0,0,0,0,0,0,0,0,0,0,0,0,0,8,0,6,0,0,0,0,3,0,3157,1667,3036,2186,817,10863,185,bb774f89b548cbe16dd4043794c89715fc4368650164b67ba748427363321899,FileInfector,commplat
49835,4768,10856,34720,85960,5076,0,17298,13997,3300,46,2,5,1,2,0,10,26,2,10,0,0,0,0,0,0,0,0,0,0,0,0,0,0,0,0,0,0,0,0,0,0,0,0,0,0,0,0,0,0,0,0,0,0,0,0,0,0,0,0,0,0,0,0,0,0,0,0,0,9,18,2,4,0,0,0,0,0,0,0,0,0,0,0,0,0,0,0,0,0,0,0,0,0,0,0,0,0,0,0,0,0,0,0,0,0,0,0,0,0,0,0,0,0,0,0,0,0,0,0,0,0,0,0,0,9,0,6,0,0,0,0,3,0,2558,854,2649,1650,3090,10801,186,4391dc269f56de3688cd008c2b5adf06cd8769d333aed1f5146b2d54cfaa72fb,FileInfector,commplat
49332,3572,11000,35084,91632,4504,0,17341,13950,3390,46,2,5,1,2,0,11,26,2,10,0,0,0,0,0,0,0,0,0,0,0,0,0,0,0,0,0,0,0,0,0,0,0,0,0,0,0,0,0,0,0,0,0,0,0,0,0,0,0,0,0,0,0,0,0,0,0,0,0,24,48,2,10,0,0,0,0,0,0,0,0,0,0,0,0,0,0,0,0,0,0,0,0,0,0,0,0,0,0,0,0,0,0,0,0,0,0,0,0,0,0,0,0,0,0,0,0,0,0,0,0,0,0,0,0,24,0,18,0,0,0,0,3,0,2109,3747,908,8131,1738,16633,187,472d956f1d80c6ca881a67c14136909ea471fc056d8fff539cb366332e51fbe6,FileInfector,commplat
49023,3408,11048,34736,96184,4620,0,17313,14151,3161,46,2,5,1,2,0,10,27,3,12,0,0,0,0,0,0,0,0,0,0,0,0,0,0,0,0,0,0,0,0,0,0,0,0,0,0,0,0,0,0,0,0,0,0,0,0,0,0,0,0,0,0,0,0,0,0,0,0,0,12,24,2,6,0,0,0,0,0,0,0,0,0,0,0,0,0,0,0,0,0,0,0,0,0,0,0,0,0,0,0,0,0,0,0,0,0,0,0,0,0,0,0,0,0,0,0,0,0,0,0,0,0,0,0,0,12,0,8,0,0,0,0,3,0,3857,3265,1698,832,2386,12038,186,9b7a3bba3d9fb62e5f720c2fc910c907bad15ee426a050f91f91a712e49b2ab3,FileInfector,commplat
48788,820,11172,42216,72988,832,0,30036,23113,6922,548,25,7,3,2,0,34,29,5,20,0,0,0,0,0,0,0,0,0,0,0,0,0,0,0,0,0,0,0,0,0,0,0,0,0,0,0,0,0,0,0,0,0,0,0,0,0,0,0,0,0,0,0,0,0,0,0,0,0,3,6,2,2,0,0,0,0,0,0,0,0,0,0,0,0,0,0,0,0,0,0,0,0,0,0,0,0,0,0,0,0,0,0,0,0,0,0,0,0,0,0,0,0,0,0,0,0,0,0,0,0,0,0,0,0,3,0,1,0,0,0,0,3,0,2102,1583,584,2569,1688,8526,187,048a2e42aa4b6d87ad10c88b93158a874eb2a8ea815db0c2ef208b4ac9fbbc71,FileInfector,commplat
49354,4516,11040,34680,86352,4972,0,17310,14016,3293,46,2,5,1,2,0,11,26,2,10,0,0,0,0,0,0,0,0,0,0,0,0,0,0,0,0,0,0,0,0,0,0,0,0,0,0,0,0,0,0,0,0,0,0,0,0,0,0,0,0,0,0,0,0,0,0,0,0,0,7,14,2,4,0,0,0,0,0,0,0,0,0,0,0,0,0,0,0,0,0,0,0,0,0,0,0,0,0,0,0,0,0,0,0,0,0,0,0,0,0,0,0,0,0,0,0,0,0,0,0,0,0,0,0,0,7,0,4,0,0,0,0,3,0,728,3071,1617,2427,2557,10400,185,c87337fb3aeb62c246349d5a303124d353153602c0ac717d4b560b7787a62f67,FileInfector,commplat
98980,44780,11904,40940,96136,46592,0,26612,21750,4861,31,2,5,1,4,0,34,36,9,36,4,0,1,0,0,0,0,0,0,0,6,0,0,0,0,0,0,0,0,0,0,6,0,0,0,0,0,0,0,0,0,0,0,0,0,0,0,0,0,0,0,0,0,0,0,0,0,0,0,118,112,0,0,0,0,0,0,0,0,0,0,0,0,0,0,6,0,0,0,6,0,0,0,0,0,0,0,0,0,0,0,0,12,0,0,0,0,0,0,0,0,0,0,0,0,0,120,0,0,0,0,0,0,0,0,19,0,6,0,0,0,0,3,0,1515,2171,2800,917,4165,11568,188,3efcad86e5a7d88a81ec0c3aa7de469804d4d58ccd189de1968115cc0f6b067b,FileInfector,tachi
48662,4664,10912,33532,85412,5660,0,16281,14010,2270,46,2,5,1,2,0,10,26,3,12,0,0,0,0,0,0,0,0,0,0,0,0,0,0,0,0,0,0,0,0,0,0,0,0,0,0,0,0,0,0,0,0,0,0,0,0,0,0,0,0,0,0,0,0,0,0,0,0,0,8,16,2,2,0,0,0,0,0,0,0,0,0,0,0,0,0,0,0,0,0,0,0,0,0,0,0,0,0,0,0,0,0,0,0,0,0,0,0,0,0,0,0,0,0,0,0,0,0,0,0,0,0,0,0,0,8,0,6,0,0,0,0,3,0,1615,2015,3099,922,3223,10874,186,983e9b70438a7e5cb602aedc50b26d0fe1c41968cff82b04b4cd7d5003201382,FileInfector,commplat
23866,36,8916,19712,48808,40,0,5984,4565,1419,0,0,4,0,2,0,3,24,4,16,0,0,0,0,0,0,0,0,0,0,0,0,0,0,0,0,0,0,0,0,0,0,0,0,0,0,0,0,0,0,0,0,0,0,0,0,0,0,0,0,0,0,0,0,0,0,0,1,0,0,0,0,0,2,1,2,1,3,0,0,1,2,1,2,0,0,0,0,0,0,0,0,0,0,0,0,2,0,1,0,0,0,1,0,0,1,0,0,0,1,0,0,0,0,0,0,0,0,0,0,0,0,0,0,0,2,0,1,897,5,1426,25,4,0,1509,767,2496,3678,2213,10663,188,323ece9d0681162b2e24003a9d1bed9326e78cc0f00621c904dda73edd764ac3,FileInfector,leech
50558,6304,11964,35632,96132,6464,0,14573,12794,1778,23,1,4,1,2,0,11,27,6,24,0,0,0,0,0,0,0,0,0,0,0,0,0,0,0,0,0,0,0,0,0,25,0,0,0,0,0,0,0,0,0,0,0,0,0,0,0,0,0,0,0,0,0,0,0,0,1,2,0,1,2,0,16,30,35,64,39,0,0,0,10,0,0,0,0,0,0,5,0,0,0,0,0,0,0,0,104,0,4,0,0,0,0,30,125,0,0,0,0,0,0,0,0,2,0,0,0,0,0,0,0,0,0,0,0,17,0,5,0,0,0,0,4,1,3023,3474,2139,1534,930,11100,189,f378b2d50699f7a63a64a9355f824037e53278f708a8356eade3cb6eceb8a051,FileInfector,gudex
90047,38180,10772,38636,99780,39968,0,24526,20047,4478,31,2,5,1,4,0,33,34,9,36,3,0,1,0,0,0,0,0,0,0,4,0,0,0,0,0,0,0,0,0,0,4,0,0,0,0,0,0,0,0,0,0,0,0,0,0,0,0,0,0,0,0,0,0,0,0,0,0,0,78,74,0,0,0,0,0,0,0,0,0,0,0,0,0,0,4,0,0,0,4,0,0,0,0,0,0,0,0,0,0,0,0,8,0,0,0,0,0,0,0,0,0,0,0,0,0,80,0,0,0,0,0,0,0,0,13,0,4,0,0,0,0,3,0,2288,2628,1501,2703,880,10000,188,727f0054deadfb796b976011295445068b2ec68a4afde5893d6fd9e2d5c7e36b,FileInfector,tachi
53093,1224,10816,45904,88072,1236,0,30615,22738,7876,1058,48,8,4,2,0,97,30,5,20,0,0,0,0,0,0,0,0,0,0,0,0,0,0,0,0,0,0,0,0,0,0,0,0,0,0,0,0,0,0,0,0,0,0,0,0,0,0,0,0,0,0,0,0,0,0,0,0,0,4,8,2,4,0,0,0,0,0,0,0,0,0,0,0,0,0,0,0,0,0,0,0,0,0,0,0,0,0,0,0,0,0,0,0,0,0,0,0,0,0,0,0,0,0,0,0,0,0,0,0,0,0,0,0,0,4,0,1,0,0,0,0,3,0,1993,2342,1562,810,2391,9098,190,d8e51c5a2c24e3ffbcb02db81d49e7f5bd0d96b04c1c309466ce58375cb2fb3b,FileInfector,commplat
52109,3668,10756,40288,78512,3680,0,30656,20693,9962,12,0,5,1,2,0,9,28,5,20,0,0,0,0,0,0,0,0,0,0,0,0,0,0,0,0,0,0,0,0,0,0,0,0,0,0,0,0,0,0,0,0,0,0,0,0,0,0,0,0,0,0,0,0,0,0,0,2,0,1,2,0,8,0,0,0,0,0,0,0,0,0,0,0,0,0,0,0,0,0,0,0,0,0,0,0,2,0,0,0,0,0,0,0,0,0,0,0,0,0,0,0,0,0,0,0,0,0,0,0,0,0,0,0,0,6,0,1,948,8,950,10,4,1,2496,1467,762,2258,2271,9254,191,5a4c6d6a788e492bcd77f5dde1cc668eb1db9584fe5cf03ed9ec9340a495fa7b,FileInfector,leech
48576,5180,12312,34140,90108,6448,0,21408,16552,4855,46,2,5,1,2,0,11,27,2,8,0,0,0,0,0,0,0,0,0,0,0,0,0,0,0,0,0,0,0,0,0,0,0,0,0,0,0,0,0,0,0,0,0,0,0,0,0,0,0,0,0,0,0,0,0,0,0,0,0,8,16,0,0,0,0,0,0,0,0,0,0,0,0,0,0,0,0,0,0,0,0,0,0,0,0,0,0,0,0,0,0,0,0,0,0,0,0,0,0,0,0,0,0,0,0,0,0,0,0,0,0,0,0,0,0,8,0,6,0,0,0,0,3,0,1647,757,2894,2302,5728,13328,187,ab3a6dd9cf5fb473f6c958915eafc75ea4ab60002bd09ed1d8c5b38bf865218c,FileInfector,commplat
50530,4796,11080,34780,85472,5600,0,17314,14082,3231,46,2,5,1,2,0,10,26,3,12,0,0,0,0,0,0,0,0,0,0,0,0,0,0,0,0,0,0,0,0,0,0,0,0,0,0,0,0,0,0,0,0,0,0,0,0,0,0,0,0,0,0,0,0,0,0,0,0,0,12,24,2,4,0,0,0,0,0,0,0,0,0,0,0,0,0,0,0,0,0,0,0,0,0,0,0,0,0,0,0,0,0,0,0,0,0,0,0,0,0,0,0,0,0,0,0,0,0,0,0,0,0,0,0,0,12,0,9,0,0,0,0,3,0,906,3932,3136,1753,2362,12089,188,2e50cdeb050349c3dccbb1bc279015f4b484d6d7fbd37e758ec9bd861d90f971,FileInfector,<unknown>
140811,37604,10444,89816,114924,40400,0,46472,33876,12595,408,2,12,8,4,0,59,43,18,71,2,1,2,0,0,0,0,0,0,0,5,0,0,2,0,0,0,0,0,0,0,3,0,0,0,0,0,0,2,0,30,0,0,0,2,0,2,2,0,28,0,0,2,0,4,0,0,6,0,56,89,0,24,0,0,78,236,1,0,0,14,28,0,12,0,0,0,0,0,2,0,0,0,0,0,0,17,0,3,0,0,0,2,0,0,3,0,0,0,0,0,0,0,0,0,56,80,0,1,0,0,0,0,0,0,20,0,1,7058,23,4347,26,5,1,3877,732,1513,2120,3942,12184,189,14dd5731c9be644327c46637c5de8ddb8bf1c1f115cbca4ad6a1c57f29e226e4,FileInfector,leech
97218,39472,11828,41928,106656,41196,0,26805,21728,5076,55,3,5,1,4,0,29,35,8,34,3,0,1,0,0,0,0,0,0,0,2,0,0,0,0,0,0,0,0,0,0,2,0,0,0,0,0,0,0,0,0,0,0,0,0,0,0,0,0,0,0,0,0,0,0,0,0,0,0,40,38,0,0,0,0,0,0,0,0,0,0,0,0,0,0,2,0,0,0,2,0,0,0,0,0,0,0,0,0,0,0,0,4,0,0,0,0,0,0,0,0,0,0,0,0,0,40,0,0,0,0,0,0,0,0,7,0,2,0,0,0,0,3,0,1513,2637,1511,732,2266,8659,188,9bdb0cd0113ace06d07d9f18cb6a3598fdfc80ca7b392260f79c6ce0087559b6,FileInfector,tachi
126473,24240,10668,95912,70400,24964,0,37827,27472,10354,7,1,4,1,4,0,30,34,8,34,3,0,1,0,0,0,0,0,0,0,2,0,0,0,0,0,0,0,0,0,0,1,0,0,0,0,0,0,0,0,0,0,0,0,0,0,0,0,0,0,0,0,0,0,0,0,0,0,0,22,21,0,0,0,0,688,344,0,0,0,0,0,0,0,0,2,0,0,0,2,0,0,0,0,0,0,0,0,0,0,0,0,2,0,0,0,0,0,0,0,0,0,0,0,0,0,40,0,0,0,0,0,0,0,0,5,0,1,1056696,1471,133951,1277,3,0,6358,1885,1505,797,2627,13172,189,d099857879e0c0e30d899d3da3d092291fbab49a71117dedcffdf0bc846263b7,FileInfector,tachi
45042,6756,12084,29100,87192,6948,0,15498,11800,3697,43,2,4,1,2,0,16,27,4,19,0,0,0,0,0,0,0,0,0,0,0,0,0,0,0,0,0,0,0,0,0,0,0,0,0,0,0,0,0,0,0,0,0,0,0,0,0,0,0,0,0,0,0,0,0,0,0,0,0,3,6,0,20,0,0,0,0,0,0,0,18,0,0,0,0,0,0,9,0,0,0,0,0,0,0,0,69,0,0,0,0,0,0,0,0,0,0,0,0,0,0,0,0,2,0,0,0,0,0,0,0,0,0,0,0,20,0,9,0,0,0,0,4,0,3267,1534,2160,1032,3345,11338,186,69ecee97c65c6602937e43bb54af1e154f1eb8e71e3ef2e650a7cdc4f3609e1e,FileInfector,gudex
50374,1468,10724,41728,90672,1480,0,24595,20175,4419,659,30,6,2,2,0,69,28,3,14,0,0,0,0,0,0,0,0,0,0,0,0,0,0,0,0,0,0,0,0,0,0,0,0,0,0,0,0,0,0,0,0,0,0,0,0,0,0,0,0,0,0,0,0,0,0,0,0,0,2,4,0,0,0,0,0,0,0,0,0,0,0,0,0,0,0,0,0,0,0,0,0,0,0,0,0,0,0,0,0,0,0,0,0,0,0,0,0,0,0,0,0,0,0,0,0,0,0,0,0,0,0,0,0,0,2,0,1,0,0,0,0,3,0,1893,2305,2071,837,1455,8561,191,d89868447c11e4f23594751af38d6b008f4727700249330226f776401d0c1463,FileInfector,commplat
102705,25912,10712,67268,97748,27160,0,33328,26115,7212,37,1,5,1,4,0,32,37,8,34,3,1,1,0,0,0,0,0,0,0,3,0,0,0,0,0,0,0,0,0,0,3,0,0,0,0,0,0,0,0,0,0,0,0,0,0,0,0,0,0,0,0,0,0,0,0,0,1,0,22,21,0,0,0,0,244,122,0,0,0,0,0,0,0,0,2,0,0,0,2,0,0,0,0,0,0,0,0,0,0,0,0,2,0,0,0,0,0,0,0,4,0,0,0,0,0,40,0,0,0,0,0,0,0,0,5,0,1,549762,764,60217,669,4,1,2838,3200,1726,1241,1511,10516,188,e539533b552a1265df3490c5162e792b656c01566b96f8a6db5a730737335e8b,FileInfector,tachi
138050,38852,10488,85212,103916,41356,0,50256,38070,12185,393,6,12,8,4,0,60,44,18,70,2,1,1,0,0,0,0,0,0,0,2,0,0,1,0,0,0,0,0,0,0,3,0,0,0,0,0,0,1,0,22,0,0,0,1,0,0,0,0,21,0,0,1,0,3,0,0,5,0,48,75,0,18,0,0,75,234,1,0,0,13,26,0,11,0,0,0,0,0,1,0,0,0,0,0,0,16,0,3,0,0,0,2,0,0,3,0,0,0,0,0,0,0,0,0,42,49,0,0,0,0,0,0,0,0,16,0,1,7029,23,4347,26,4,1,1415,3363,3721,2142,612,11253,186,9bcce870bf9566c5690940f782125a00db249e7c0cadd67d3fb0de8479dd3b4c,FileInfector,leech
48988,3484,11032,34588,92208,4468,0,17301,14010,3291,46,2,5,1,2,0,9,27,2,8,0,0,0,0,0,0,0,0,0,0,0,0,0,0,0,0,0,0,0,0,0,0,0,0,0,0,0,0,0,0,0,0,0,0,0,0,0,0,0,0,0,0,0,0,0,0,0,0,0,14,28,2,6,0,0,0,0,0,0,0,0,0,0,0,0,0,0,0,0,0,0,0,0,0,0,0,0,0,0,0,0,0,0,0,0,0,0,0,0,0,0,0,0,0,0,0,0,0,0,0,0,0,0,0,0,14,0,10,0,0,0,0,3,0,847,1706,3467,3403,2259,11682,187,b6be062bad8d50b976e9892e0745e79a17c392fd1ca1c33b2a27800634f4bda8,FileInfector,commplat
